Data Source,World Development Indicators,,,,,,,,,,,,,,,,,,,,,,,,,,,,,,,,,,,,,,,,,,,,,,,,,,,,,,,,,,,,,,,
,,,,,,,,,,,,,,,,,,,,,,,,,,,,,,,,,,,,,,,,,,,,,,,,,,,,,,,,,,,,,,,,
Last Updated Date,10/15/2020,,,,,,,,,,,,,,,,,,,,,,,,,,,,,,,,,,,,,,,,,,,,,,,,,,,,,,,,,,,,,,,
,,,,,,,,,,,,,,,,,,,,,,,,,,,,,,,,,,,,,,,,,,,,,,,,,,,,,,,,,,,,,,,,
Country Name,Country Code,Indicator Name,Indicator Code,1960,1961,1962,1963,1964,1965,1966,1967,1968,1969,1970,1971,1972,1973,1974,1975,1976,1977,1978,1979,1980,1981,1982,1983,1984,1985,1986,1987,1988,1989,1990,1991,1992,1993,1994,1995,1996,1997,1998,1999,2000,2001,2002,2003,2004,2005,2006,2007,2008,2009,2010,2011,2012,2013,2014,2015,2016,2017,2018,2019,2020
Aruba,ABW,Market capitalization of listed domestic companies (% of GDP),CM.MKT.LCAP.GD.ZS,,,,,,,,,,,,,,,,,,,,,,,,,,,,,,,,,,,,,,,,,,,,,,,,,,,,,,,,,,,,,
Afghanistan,AFG,Market capitalization of listed domestic companies (% of GDP),CM.MKT.LCAP.GD.ZS,,,,,,,,,,,,,,,,,,,,,,,,,,,,,,,,,,,,,,,,,,,,,,,,,,,,,,,,,,,,,
Angola,AGO,Market capitalization of listed domestic companies (% of GDP),CM.MKT.LCAP.GD.ZS,,,,,,,,,,,,,,,,,,,,,,,,,,,,,,,,,,,,,,,,,,,,,,,,,,,,,,,,,,,,,
Albania,ALB,Market capitalization of listed domestic companies (% of GDP),CM.MKT.LCAP.GD.ZS,,,,,,,,,,,,,,,,,,,,,,,,,,,,,,,,,,,,,,,,,,,,,,,,,,,,,,,,,,,,,
Andorra,AND,Market capitalization of listed domestic companies (% of GDP),CM.MKT.LCAP.GD.ZS,,,,,,,,,,,,,,,,,,,,,,,,,,,,,,,,,,,,,,,,,,,,,,,,,,,,,,,,,,,,,
Arab World,ARB,Market capitalization of listed domestic companies (% of GDP),CM.MKT.LCAP.GD.ZS,,,,,,,,,,,,,,,,,,,,,,,,,,,,,,,,,,,,,,,,,,,,,,,,,,54.0421612,49.82157878,35.5794924,34.87671982,47.0162336,49.04814789,48.03763144,50.19315354,50.79515947,48.8347261,145.1017348,
United Arab Emirates,ARE,Market capitalization of listed domestic companies (% of GDP),CM.MKT.LCAP.GD.ZS,,,,,,,,,,,,,,,,,,,,,,,,,,,,,,,,,,,,,,,,,,,,,,,,48.93258453,34.02944156,54.52392038,45.37491554,26.72818056,27.05030997,49.8623282,50.86573641,54.40527181,60.01885445,60.32907482,54.91064692,58.69967517,
Argentina,ARG,Market capitalization of listed domestic companies (% of GDP),CM.MKT.LCAP.GD.ZS,,,,,,,,,,,,,,,,,,1.466159452,3.09110069,6.237855196,5.138774874,1.774639091,1.153990039,1.333238997,1.480174949,2.302540941,1.434117268,1.276373515,2.022505643,4.172755007,2.557650808,9.824847958,8.139871742,18.60901869,14.32069608,14.64307396,16.42196989,20.23221072,15.16409613,19.6977247,16.12904122,12.42441526,16.95693922,27.42805088,24.65345574,23.94635989,22.03333915,19.8483842,11.02184322,13.73818636,15.08632035,8.220069461,6.273966253,9.619994839,11.42690327,9.438368633,11.40762993,16.91936357,8.845656715,8.760672069,
Armenia,ARM,Market capitalization of listed domestic companies (% of GDP),CM.MKT.LCAP.GD.ZS,,,,,,,,,,,,,,,,,,,,,,,,,,,,,,,,,,,,,,,,,,,,,,,,,,,,,,,,,,,,,
American Samoa,ASM,Market capitalization of listed domestic companies (% of GDP),CM.MKT.LCAP.GD.ZS,,,,,,,,,,,,,,,,,,,,,,,,,,,,,,,,,,,,,,,,,,,,,,,,,,,,,,,,,,,,,
Antigua and Barbuda,ATG,Market capitalization of listed domestic companies (% of GDP),CM.MKT.LCAP.GD.ZS,,,,,,,,,,,,,,,,,,,,,,,,,,,,,,,,,,,,,,,,,,,,,,,,,,,,,,,,,,,,,
Australia,AUS,Market capitalization of listed domestic companies (% of GDP),CM.MKT.LCAP.GD.ZS,,,,,,,,,,,,,,,,,,,,28.9099422,39.83878334,30.78518262,21.43042324,30.52360215,25.84299843,32.9570857,65.53612927,81.64121165,58.40804938,46.89895404,34.73097845,44.51827954,41.60110453,65.62877247,67.92589959,66.77761493,78.06025427,68.05967418,82.45906,110.0942636,89.78179886,99.14230924,96.31016044,125.5186873,126.7616217,115.9512293,146.8871764,152.1879735,64.88372527,136.0101628,126.9035648,85.7901042,89.69843546,86.66232656,87.81755705,87.82190818,104.9341656,113.4066799,88.06725995,106.8154831,
Austria,AUT,Market capitalization of listed domestic companies (% of GDP),CM.MKT.LCAP.GD.ZS,,,,,,,,,,,,,,,,3.245221523,3.491715167,2.89051907,28.12055575,2.813573249,2.383665517,2.229390031,2.118097389,2.118869189,2.185309196,6.631753724,6.72115079,6.393476327,7.522397896,18.2280178,15.81113452,13.94287215,10.12399512,13.7820036,14.15959694,12.70227269,13.4518324,17.30344458,1.191322798,15.20493141,15.21100286,12.77218044,15.73647047,21.59853333,29.17083368,39.95623144,57.37236242,60.83189965,17.72942431,28.50673837,32.15980931,19.77859034,25.89893616,27.36107195,21.89845636,25.16368774,30.60937652,36.01247191,25.64212585,29.8216053,
Azerbaijan,AZE,Market capitalization of listed domestic companies (% of GDP),CM.MKT.LCAP.GD.ZS,,,,,,,,,,,,,,,,,,,,,,,,,,,,,,,,,,,,,,,0.068370373,0.070286544,,,,,,,,,,,,,,,,,,,,,
Burundi,BDI,Market capitalization of listed domestic companies (% of GDP),CM.MKT.LCAP.GD.ZS,,,,,,,,,,,,,,,,,,,,,,,,,,,,,,,,,,,,,,,,,,,,,,,,,,,,,,,,,,,,,
Belgium,BEL,Market capitalization of listed domestic companies (% of GDP),CM.MKT.LCAP.GD.ZS,,,,,,,,,,,,,,,,13.70333163,13.21830503,12.42315519,12.35317452,11.80787178,7.910702719,7.991195017,9.300270179,12.36348469,14.80757002,24.19352021,31.10914623,27.87794521,36.22081004,45.59467671,31.87480296,33.78141771,27.30405014,34.6987838,34.3529693,35.2129443,42.55063043,54.18674998,94.39498987,71.3265245,77.25529979,70.11164719,49.60244249,54.68261449,74.14382269,74.81918978,97.11948338,81.97598501,32.455494,53.96712928,55.87387037,43.87693792,60.36446033,71.75899896,70.79508346,89.70175649,79.45862479,86.90021348,59.16747309,,
Benin,BEN,Market capitalization of listed domestic companies (% of GDP),CM.MKT.LCAP.GD.ZS,,,,,,,,,,,,,,,,,,,,,,,,,,,,,,,,,,,,,,,,,,,,,,,,,,,,,,,,,,,,,
Burkina Faso,BFA,Market capitalization of listed domestic companies (% of GDP),CM.MKT.LCAP.GD.ZS,,,,,,,,,,,,,,,,,,,,,,,,,,,,,,,,,,,,,,,,,,,,,,,,,,,,,,,,,,,,,
Bangladesh,BGD,Market capitalization of listed domestic companies (% of GDP),CM.MKT.LCAP.GD.ZS,,,,,,,,,,,,,,,,,,,,,,,,,,,,,,,,,,1.399302695,3.020255981,5.077049961,15.89524323,5.742252402,4.060333874,3.045782412,4.107529953,1.811958934,27.21299215,,,4.751541126,5.361123816,10.96916578,12.79156007,20.42289329,36.10097419,37.08045269,,,,,31.80424672,34.51138786,28.24067884,,
Bulgaria,BGR,Market capitalization of listed domestic companies (% of GDP),CM.MKT.LCAP.GD.ZS,,,,,,,,,,,,,,,,,,,,,,,,,,,,,,,,,,0.11080629,0.498070776,0.306269137,0.045549855,,0.96016849,0.75209194,0.974570582,0.57954674,4.399480321,8.300408443,10.71932596,17.0262538,30.03207503,48.79542954,16.31261683,16.64097361,14.64630518,14.38760557,,,,,,,,,
Bahrain,BHR,Market capitalization of listed domestic companies (% of GDP),CM.MKT.LCAP.GD.ZS,,,,,,,,,,,,,,,,,,,,,,,,,,,,,,,,,,,,,77.21397887,123.3729769,109.4675704,108.1230748,73.09305827,73.5222293,78.01169507,86.92507294,102.9709938,108.7426938,114.1457078,124.6587667,77.58323006,70.89752979,78.01313876,57.65084288,,,66.09476413,61.84913614,60.13680278,61.27596651,58.06440475,69.69002906,
"Bahamas, The",BHS,Market capitalization of listed domestic companies (% of GDP),CM.MKT.LCAP.GD.ZS,,,,,,,,,,,,,,,,,,,,,,,,,,,,,,,,,,,,,,,,,,,,,,,,,,,,,,,,,,,,,
Bosnia and Herzegovina,BIH,Market capitalization of listed domestic companies (% of GDP),CM.MKT.LCAP.GD.ZS,,,,,,,,,,,,,,,,,,,,,,,,,,,,,,,,,,,,,,,,,,,,,,,,,,,,,,,,,,,,,
Belarus,BLR,Market capitalization of listed domestic companies (% of GDP),CM.MKT.LCAP.GD.ZS,,,,,,,,,,,,,,,,,,,,,,,,,,,,,,,,,,,,,,,,,,,,,,,,,,,,,,,,,,,,0,
Belize,BLZ,Market capitalization of listed domestic companies (% of GDP),CM.MKT.LCAP.GD.ZS,,,,,,,,,,,,,,,,,,,,,,,,,,,,,,,,,,,,,,,,,,,,,,,,,,,,,,,,,,,,,
Bermuda,BMU,Market capitalization of listed domestic companies (% of GDP),CM.MKT.LCAP.GD.ZS,,,,,,,,,,,,,,,,,,,,,,,,,,,,,,,,,,,,,,,,,61.66278616,69.50174746,54.68314256,69.28658016,41.23885127,43.6466853,49.93314924,46.32888485,31.29873216,23.42579143,26.72074123,22.20124015,26.85128786,26.31999153,,,,,,,
Bolivia,BOL,Market capitalization of listed domestic companies (% of GDP),CM.MKT.LCAP.GD.ZS,,,,,,,,,,,,,,,,,,,,,,,,,,,,,,,,,,,,,,,,,,,,,,,,,,,,,,,,,,,,,
Brazil,BRA,Market capitalization of listed domestic companies (% of GDP),CM.MKT.LCAP.GD.ZS,,,,,,,,,,,,,,,,,,,,,,,,,,,,,,,,,,,,,,,,,34.50491094,33.29403654,24.95489983,42.01176266,49.35579864,53.23360426,64.1225727,98.04069955,34.90723993,80.21786503,69.97082255,46.97407574,49.79119987,41.26708486,34.36060222,27.2184107,42.24307215,46.28178841,48.62545122,64.53901348,
Barbados,BRB,Market capitalization of listed domestic companies (% of GDP),CM.MKT.LCAP.GD.ZS,,,,,,,,,,,,,,,,,,,,,,,,,,,,,,,,,,15.84322819,23.94316224,22.17527037,32.39656841,45.42936318,62.24487181,68.97502149,55.77806831,60.15059748,,,,,,,,,48.26821192,98.06806227,,,,,64.10973085,67.3141824,69.627052,65.23325014,
Brunei Darussalam,BRN,Market capitalization of listed domestic companies (% of GDP),CM.MKT.LCAP.GD.ZS,,,,,,,,,,,,,,,,,,,,,,,,,,,,,,,,,,,,,,,,,,,,,,,,,,,,,,,,,,,,,
Bhutan,BTN,Market capitalization of listed domestic companies (% of GDP),CM.MKT.LCAP.GD.ZS,,,,,,,,,,,,,,,,,,,,,,,,,,,,,,,,,,,,,,,,,,,,,,,,,,,,,,,,,,,,,
Botswana,BWA,Market capitalization of listed domestic companies (% of GDP),CM.MKT.LCAP.GD.ZS,,,,,,,,,,,,,,,,,,,,,,,,,,,,,,,,,,5.495078373,6.228677698,8.404411066,6.773860191,12.21441773,15.11253983,19.18181296,16.88932846,,,,,,,,,,,,,,,,,,,,
Central African Republic,CAF,Market capitalization of listed domestic companies (% of GDP),CM.MKT.LCAP.GD.ZS,,,,,,,,,,,,,,,,,,,,,,,,,,,,,,,,,,,,,,,,,,,,,,,,,,,,,,,,,,,,,
Canada,CAN,Market capitalization of listed domestic companies (% of GDP),CM.MKT.LCAP.GD.ZS,,,,,,,,,,,,,,,,,,82.19842022,82.18820532,98.30180751,104.3282337,,66.05696642,75.65289417,69.40107062,80.29470083,89.25856561,94.03781964,88.06594621,96.16690327,77.2277822,83.33765565,77.30577598,103.178539,99.5809125,111.2098728,139.9733778,154.7901783,171.2416888,214.2157022,103.8456481,83.55280094,117.2474311,102.0000614,115.0822572,126.7519943,129.2905915,149.2548938,66.72461338,122.3373113,134.5672585,106.9451379,112.647542,114.4333054,116.1842027,102.3950304,130.4453844,143.4687802,112.9141127,,
Central Europe and the Baltics,CEB,Market capitalization of listed domestic companies (% of GDP),CM.MKT.LCAP.GD.ZS,,,,,,,,,,,,,,,,,,,,,,,,,,,,,,,,,,,,5.908177904,9.22058182,10.37396733,10.11981503,12.86243935,13.45829575,10.96564045,13.99919242,15.00405157,22.84740143,24.84151589,34.38279584,41.38896124,15.35989256,24.68876882,27.23209297,19.01088085,,,,,,,,21.56832191,
Switzerland,CHE,Market capitalization of listed domestic companies (% of GDP),CM.MKT.LCAP.GD.ZS,,,,,,,,,,,,,,,,25.90773114,31.43158143,42.04322846,38.31343786,39.02671705,35.90583814,35.18282343,34.6836301,39.60062519,37.70735804,78.04399578,83.27692515,67.04328418,67.05360057,84.5887551,61.08291763,72.64170227,71.42304591,102.4687526,97.37916786,116.1944713,121.2646953,200.8031224,233.5910708,233.943703,291.2332043,189.2665878,203.2624324,206.0278394,210.3435943,229.6848819,281.3819142,265.6016005,158.8009403,196.6156527,210.5845128,155.7391482,184.634493,223.7749442,210.8503909,223.4850387,209.047577,248.0323369,204.3791591,260.9158141,
Channel Islands,CHI,Market capitalization of listed domestic companies (% of GDP),CM.MKT.LCAP.GD.ZS,,,,,,,,,,,,,,,,,,,,,,,,,,,,,,,,,,,,,,,2.67673454,3.949708499,3.961051974,7.285525866,3.989393792,3.100687486,2.154637414,6.087270855,15.29261628,,,,,,,,,,,,,,
Chile,CHL,Market capitalization of listed domestic companies (% of GDP),CM.MKT.LCAP.GD.ZS,,,,,,,,,,,,,,,,,,,,,,,,,,,,,,,,74.37175474,70.17790037,90.94406736,119.3689348,99.29290118,84.53570172,84.80774309,63.57906824,90.75971282,77.57519507,79.33189676,71.45006916,114.386505,117.8548604,111.0019588,112.6823475,122.6399255,73.37400542,133.843646,156.4028141,107.1504244,117.2965516,95.24604545,89.52330191,78.03899386,84.84254835,106.3638733,84.0680028,72.18510144,
China,CHN,Market capitalization of listed domestic companies (% of GDP),CM.MKT.LCAP.GD.ZS,,,,,,,,,,,,,,,,,,,,,,,,,,,,,,,,,,,,,,,,,,,,30.89697574,22.8972279,17.57910087,41.62064045,126.1530859,38.7171362,70.03843339,66.16940091,45.18450768,43.33422477,41.26411763,57.32273264,74.0223319,65.17010383,70.76342846,45.51970501,59.3708573,
Cote d'Ivoire,CIV,Market capitalization of listed domestic companies (% of GDP),CM.MKT.LCAP.GD.ZS,,,,,,,,,,,,,,,,,,,,,,,,,,,,,,,,,,,,,,,,,,,,,,,,,,,,,,,,,,,,,
Cameroon,CMR,Market capitalization of listed domestic companies (% of GDP),CM.MKT.LCAP.GD.ZS,,,,,,,,,,,,,,,,,,,,,,,,,,,,,,,,,,,,,,,,,,,,,,,,,,,,,,,,,,,,,
"Congo, Dem. Rep.",COD,Market capitalization of listed domestic companies (% of GDP),CM.MKT.LCAP.GD.ZS,,,,,,,,,,,,,,,,,,,,,,,,,,,,,,,,,,,,,,,,,,,,,,,,,,,,,,,,,,,,,
"Congo, Rep.",COG,Market capitalization of listed domestic companies (% of GDP),CM.MKT.LCAP.GD.ZS,,,,,,,,,,,,,,,,,,,,,,,,,,,,,,,,,,,,,,,,,,,,,,,,,,,,,,,,,,,,,
Colombia,COL,Market capitalization of listed domestic companies (% of GDP),CM.MKT.LCAP.GD.ZS,,,,,,,,,,,,,,,,,,,,,,,,,,,,,,,,,,,,,,,,,,,,,,34.68005072,34.77590246,49.44953363,36.21838422,60.46524477,72.75945164,60.09828619,70.66222601,53.04493553,38.50459641,29.28817519,36.70772175,38.9495245,31.13251019,40.77799102,
Comoros,COM,Market capitalization of listed domestic companies (% of GDP),CM.MKT.LCAP.GD.ZS,,,,,,,,,,,,,,,,,,,,,,,,,,,,,,,,,,,,,,,,,,,,,,,,,,,,,,,,,,,,,
Cabo Verde,CPV,Market capitalization of listed domestic companies (% of GDP),CM.MKT.LCAP.GD.ZS,,,,,,,,,,,,,,,,,,,,,,,,,,,,,,,,,,,,,,,,,,,,,,,,,,,,,,,,,,,,,
Costa Rica,CRI,Market capitalization of listed domestic companies (% of GDP),CM.MKT.LCAP.GD.ZS,,,,,,,,,,,,,,,,,,,,,,,,,,,,,,,,,,3.743198654,,5.357723178,6.736019031,6.552623611,9.607483742,16.2609978,,,,3.026806833,8.410080093,7.570785211,8.31674176,8.158174687,6.223939306,4.804864369,3.877042487,3.545490649,,,,,5.111446144,5.148263241,,3.589458354,
Caribbean small states,CSS,Market capitalization of listed domestic companies (% of GDP),CM.MKT.LCAP.GD.ZS,,,,,,,,,,,,,,,,,,,,,,,,,,,,,,,,,,,,,,,,,,,,,,,,,,,,,,,,,,,,,
Cuba,CUB,Market capitalization of listed domestic companies (% of GDP),CM.MKT.LCAP.GD.ZS,,,,,,,,,,,,,,,,,,,,,,,,,,,,,,,,,,,,,,,,,,,,,,,,,,,,,,,,,,,,,
Curacao,CUW,Market capitalization of listed domestic companies (% of GDP),CM.MKT.LCAP.GD.ZS,,,,,,,,,,,,,,,,,,,,,,,,,,,,,,,,,,,,,,,,,,,,,,,,,,,,,,,,,,,,,
Cayman Islands,CYM,Market capitalization of listed domestic companies (% of GDP),CM.MKT.LCAP.GD.ZS,,,,,,,,,,,,,,,,,,,,,,,,,,,,,,,,,,,,,,,,,,,,,,,3.737170007,3.694164765,3.466943245,3.94692619,5.725371246,54.36641957,46.75450145,,,6.703641177,,,,,
Cyprus,CYP,Market capitalization of listed domestic companies (% of GDP),CM.MKT.LCAP.GD.ZS,,,,,,,,,,,,,,,,,,,,,,,,,,,,,,,,,,,,,,,,,,,,,,,80.49714533,71.97409086,28.68743527,39.57878181,26.55909014,10.35106636,7.989866995,8.80608015,17.42900378,13.6123139,12.02116052,12.46716581,13.27413895,17.44323799,
Czech Republic,CZE,Market capitalization of listed domestic companies (% of GDP),CM.MKT.LCAP.GD.ZS,,,,,,,,,,,,,,,,,,,,,,,,,,,,,,,,,,4.286169769,12.79390523,15.36689734,21.27033991,17.50563469,15.68766976,16.31469186,15.80898651,12.06999464,12.5213934,15.56576848,22.56702731,25.59893851,28.54177498,36.41825507,17.35643783,,,,,,,,,,,,
Germany,DEU,Market capitalization of listed domestic companies (% of GDP),CM.MKT.LCAP.GD.ZS,,,,,,,,,,,,,,,,10.47625037,10.27404184,10.84118585,11.30250542,9.008949289,7.546707358,7.818309158,8.879110479,10.75271904,10.80774621,24.33793028,24.62842925,16.82849338,17.90330371,26.10321374,20.05511963,19.82991264,15.42017566,21.32434495,22.63832924,22.32869692,26.62067257,37.30726136,48.87257832,65.2704531,65.37046483,55.12806235,33.1627931,43.22798956,42.52178202,42.24243143,54.7293486,61.5333771,29.77403066,38.03516137,42.09570081,31.63383823,42.1369283,51.86818456,44.76248199,51.0571336,49.4994353,61.71149618,44.43983006,54.55995281,
Djibouti,DJI,Market capitalization of listed domestic companies (% of GDP),CM.MKT.LCAP.GD.ZS,,,,,,,,,,,,,,,,,,,,,,,,,,,,,,,,,,,,,,,,,,,,,,,,,,,,,,,,,,,,,
Dominica,DMA,Market capitalization of listed domestic companies (% of GDP),CM.MKT.LCAP.GD.ZS,,,,,,,,,,,,,,,,,,,,,,,,,,,,,,,,,,,,,,,,,,,,,,,,,,,,,,,,,,,,,
Denmark,DNK,Market capitalization of listed domestic companies (% of GDP),CM.MKT.LCAP.GD.ZS,,,,,,,,,,,,,,,,10.1298336,10.76824206,9.601393013,8.506064637,7.375312159,7.793171085,9.975400882,9.17904136,17.40792797,12.8382871,24.09300182,19.71163079,18.59017236,23.26546752,35.78351422,28.2555276,32.17281387,21.24615698,27.88729714,30.09900847,30.38910744,37.88216764,54.03600982,55.86439857,54.75935541,68.11616647,51.6686417,42.96459241,55.77403589,60.20927793,,,,,,,,,,,,,,,,
Dominican Republic,DOM,Market capitalization of listed domestic companies (% of GDP),CM.MKT.LCAP.GD.ZS,,,,,,,,,,,,,,,,,,,,,,,,,,,,,,,,,,,,,,,,,,,,,,,,,,,,,,,,,,,,,
Algeria,DZA,Market capitalization of listed domestic companies (% of GDP),CM.MKT.LCAP.GD.ZS,,,,,,,,,,,,,,,,,,,,,,,,,,,,,,,,,,,,,,,,0.56873966,0.520720219,0.345515628,0.242864883,0.210233385,0.163015048,0.137335585,0.080578152,0.071614509,0.053400064,0.065634833,0.065389201,0.09838953,0.07979309,0.084305056,0.078709968,0.08676963,0.258807525,0.21097158,0.213756327,,
East Asia & Pacific (excluding high income),EAP,Market capitalization of listed domestic companies (% of GDP),CM.MKT.LCAP.GD.ZS,,,,,,,,,,,,,,,,,,,,,,,,,,,,,,,,,,,,,,,,,,,,38.8594864,32.59834475,27.63100592,47.72074016,115.7282189,37.93993227,68.41297343,67.89119833,49.15227132,49.60342986,46.33773787,60.58290874,72.92041961,66.04282626,72.69391604,49.41509557,61.3618207,
Early-demographic dividend,EAR,Market capitalization of listed domestic companies (% of GDP),CM.MKT.LCAP.GD.ZS,,,,,,,,,,,,,,,,,,,,,,,,,,,,,,,,,,,,,38.22352942,34.55110704,25.03406413,38.77544681,27.28580764,22.16223136,23.16652238,35.10036017,44.62477434,50.28961789,60.53544175,81.33397707,35.11822664,63.58856816,65.55593869,45.50483178,53.12623465,53.60382513,56.08266237,51.81934448,53.91752854,65.34171952,56.72298992,82.98600931,
East Asia & Pacific,EAS,Market capitalization of listed domestic companies (% of GDP),CM.MKT.LCAP.GD.ZS,,,,,,,,,,,,,,,,,,,4.567061598,28.66064395,37.18024966,36.75814244,34.45990418,41.73960183,44.55312298,61.0579865,81.11149763,100.1889087,113.1652546,123.9221237,82.2835264,76.78780174,57.5267261,74.43399576,77.5724003,68.25370585,70.24288302,51.94343551,65.87228639,103.1801388,70.56718726,63.62747807,60.49744421,70.97193888,75.40733576,86.25931166,102.4982272,132.7811805,60.72920575,92.32981696,94.7452398,70.65878472,75.52895472,82.42707945,89.72378784,99.76903737,94.49517891,110.9333831,83.35940796,97.50929998,
Europe & Central Asia (excluding high income),ECA,Market capitalization of listed domestic companies (% of GDP),CM.MKT.LCAP.GD.ZS,,,,,,,,,,,,,,,,,,,,,,,,,,,,,,,,,,,,,,,,,,,,,,,,,,50.07372501,49.73288108,31.15848863,35.45047628,28.52642463,19.55500133,25.62612238,36.61350705,33.32355937,27.8717462,,
Europe & Central Asia,ECS,Market capitalization of listed domestic companies (% of GDP),CM.MKT.LCAP.GD.ZS,,,,,,,,,,,,,,,,16.07538648,14.05018699,16.10315432,16.45192194,10.12463992,8.777397467,13.97843963,14.53397766,18.30802704,21.60946805,32.32991359,35.26701285,33.7872651,35.12786952,44.71596744,34.48376093,38.18392206,32.4136207,43.05312579,43.485131,43.46080539,52.80461895,68.77870814,80.46726294,97.48012893,98.56679838,78.18346421,60.48636629,68.23720101,69.88804048,72.05780581,89.22162939,89.00691593,41.48764029,60.46617215,61.39853777,45.77323752,55.53101525,63.04009684,55.9701516,,64.72871896,75.14163179,,,
Ecuador,ECU,Market capitalization of listed domestic companies (% of GDP),CM.MKT.LCAP.GD.ZS,,,,,,,,,,,,,,,,,,,,,,,,,,,,,,,,,,,,10.50060219,7.968241771,7.177388659,5.560738083,2.657127797,4.075783407,,,,,,,,,,,,,,,,,,,,
"Egypt, Arab Rep.",EGY,Market capitalization of listed domestic companies (% of GDP),CM.MKT.LCAP.GD.ZS,,,,,,,,,,,,,,,,,,,,,,,,,,,,,,,,,,,,,,,,,,,,,,,86.98631393,106.74042,52.80618481,48.26235258,38.50220435,20.69884967,21.18387288,21.35571392,22.93841155,16.58917793,10.00907928,19.77578799,16.74229862,14.5789829,
Euro area,EMU,Market capitalization of listed domestic companies (% of GDP),CM.MKT.LCAP.GD.ZS,,,,,,,,,,,,,,,,12.70136843,11.04761822,9.88553055,11.65921672,9.454014478,7.986391682,7.558449798,7.624741484,9.680625609,10.47423712,19.99208061,23.23242033,19.36115659,22.32352039,31.56075779,22.94263127,25.24068787,20.42008686,27.73016631,29.42277041,29.27536368,35.5208861,47.56110348,64.2642674,79.783631,84.22460215,66.54889401,49.06505676,56.47162415,58.97786718,59.75406754,76.8969834,80.41052982,36.40289766,58.06767056,58.08855214,45.32984331,55.41923578,66.43999869,59.12220173,64.96226064,63.86090252,77.59765636,54.69703305,,
Eritrea,ERI,Market capitalization of listed domestic companies (% of GDP),CM.MKT.LCAP.GD.ZS,,,,,,,,,,,,,,,,,,,,,,,,,,,,,,,,,,,,,,,,,,,,,,,,,,,,,,,,,,,,,
Spain,ESP,Market capitalization of listed domestic companies (% of GDP),CM.MKT.LCAP.GD.ZS,,,,,,,,,,,,,,,,28.92554853,20.25193683,,11.17116749,8.1029923,7.116473813,8.22349166,5.698124979,6.352965587,7.688580008,10.79086022,19.46755162,22.30297108,24.16628054,29.57202245,20.77107359,25.61115093,18.42148504,22.6001364,29.21128059,31.00679027,37.5089136,49.21100056,64.94719078,67.89108456,84.4761604,74.63941364,65.43281816,80.20427462,88.15281836,83.23266494,105.0479801,122.2604393,58.35206706,96.56410928,82.46686909,69.71913015,75.11121371,82.41778215,72.50726214,65.86725775,57.18407929,67.71829071,50.97365671,57.18933448,
Estonia,EST,Market capitalization of listed domestic companies (% of GDP),CM.MKT.LCAP.GD.ZS,,,,,,,,,,,,,,,,,,,,,,,,,,,,,,,,,,,,,,,,,,,,,,,,,,,,,,,,,,,,,
Ethiopia,ETH,Market capitalization of listed domestic companies (% of GDP),CM.MKT.LCAP.GD.ZS,,,,,,,,,,,,,,,,,,,,,,,,,,,,,,,,,,,,,,,,,,,,,,,,,,,,,,,,,,,,,
European Union,EUU,Market capitalization of listed domestic companies (% of GDP),CM.MKT.LCAP.GD.ZS,,,,,,,,,,,,,,,,11.98007213,10.50821216,9.755189477,11.45840909,9.347697906,8.04244822,7.965717284,8.129577675,10.88117786,11.28793794,20.83176479,24.12079254,20.33254674,23.74003624,32.97072104,23.74420621,25.97983235,20.79811657,28.27923053,30.1711223,29.86291052,36.60674672,48.51283784,62.97328913,78.584696,82.34163229,64.70803236,47.63602051,55.34125177,57.03782343,57.56301214,74.05472266,77.56977355,34.66800814,55.66393792,55.83025726,43.32490745,54.03253943,64.41223336,57.08480098,62.48594755,61.58863264,74.81076467,52.59157283,,
Fragile and conflict affected situations,FCS,Market capitalization of listed domestic companies (% of GDP),CM.MKT.LCAP.GD.ZS,,,,,,,,,,,,,,,,,,,,,,,,,,,,,,,,,,,,,,,,,,,,,,,,,,,,,,,,,,,,,
Finland,FIN,Market capitalization of listed domestic companies (% of GDP),CM.MKT.LCAP.GD.ZS,,,,,,,,,,,,,,,,,,,,,,,5.226375675,8.109562456,,10.47833473,15.90056229,21.81904488,28.01162911,25.87080782,16.06445545,11.11291492,10.62252945,26.36870867,37.00921691,32.89186296,46.43660294,58.1538401,115.51328,258.3920407,233.5870024,147.1599178,99.35158288,99.42664687,93.2265694,,,,,,,,,,,,,,,,
Fiji,FJI,Market capitalization of listed domestic companies (% of GDP),CM.MKT.LCAP.GD.ZS,,,,,,,,,,,,,,,,,,,,,,,,,,,,,,,,,,,,,,,,,,,,,,,,,,,,,,,,,,,,,
France,FRA,Market capitalization of listed domestic companies (% of GDP),CM.MKT.LCAP.GD.ZS,,,,,,,,,,,,,,,,9.78292718,7.359218081,6.807208481,8.956316762,8.999722832,7.787965474,6.194030308,5.068743151,6.812248535,7.736850372,14.29950044,19.90241152,16.65413142,21.87694036,32.9840584,24.55816859,28.22028198,23.35839884,34.47117993,32.46243756,31.22510757,36.4903401,46.41831859,65.54596313,100.6903324,106.1945491,85.33909131,64.7141602,73.67234316,73.69089994,80.07341687,104.72951,103.1283888,50.4528338,72.34291202,72.33438594,54.3074199,67.37356416,81.85775829,73.13375081,85.64968201,87.36532065,105.9404457,84.86605773,,
Faroe Islands,FRO,Market capitalization of listed domestic companies (% of GDP),CM.MKT.LCAP.GD.ZS,,,,,,,,,,,,,,,,,,,,,,,,,,,,,,,,,,,,,,,,,,,,,,,,,,,,,,,,,,,,,
"Micronesia, Fed. Sts.",FSM,Market capitalization of listed domestic companies (% of GDP),CM.MKT.LCAP.GD.ZS,,,,,,,,,,,,,,,,,,,,,,,,,,,,,,,,,,,,,,,,,,,,,,,,,,,,,,,,,,,,,
Gabon,GAB,Market capitalization of listed domestic companies (% of GDP),CM.MKT.LCAP.GD.ZS,,,,,,,,,,,,,,,,,,,,,,,,,,,,,,,,,,,,,,,,,,,,,,,,,,,,,,,,,,,,,
United Kingdom,GBR,Market capitalization of listed domestic companies (% of GDP),CM.MKT.LCAP.GD.ZS,,,,,,,,,,,,,,,,35.49184461,29.96227382,43.89182534,38.53361395,6.855621075,6.367971638,35.0545659,38.10341185,46.12513352,51.22643324,72.24322252,78.62569522,91.21654555,78.17925153,87.85564671,77.74164721,86.62235688,80.94560981,108.3753168,100.249025,99.13177312,120.9041829,132.6582626,139.2370391,175.6310461,155.4448977,131.0474529,104.0191385,118.158783,116.5083909,120.4634857,139.3407212,124.0441088,63.91945409,,,,,,,,,,,,
Georgia,GEO,Market capitalization of listed domestic companies (% of GDP),CM.MKT.LCAP.GD.ZS,,,,,,,,,,,,,,,,,,,,,,,,,,,,,,,,,,,,,,,,,,,,,,,,,,,,,,,,,,,,,
Ghana,GHA,Market capitalization of listed domestic companies (% of GDP),CM.MKT.LCAP.GD.ZS,,,,,,,,,,,,,,,,,,,,,,,,,,,,,,,,,,2.046509646,34.88619404,25.80455513,23.91627479,16.39093627,18.54051295,11.91809444,10.03406684,5.268198378,5.675985428,8.385297554,5.404572482,5.68412968,3.723725347,9.698725656,9.970872742,9.342652314,9.155092167,7.876770479,,,,,,,,,
Gibraltar,GIB,Market capitalization of listed domestic companies (% of GDP),CM.MKT.LCAP.GD.ZS,,,,,,,,,,,,,,,,,,,,,,,,,,,,,,,,,,,,,,,,,,,,,,,,,,,,,,,,,,,,,
Guinea,GIN,Market capitalization of listed domestic companies (% of GDP),CM.MKT.LCAP.GD.ZS,,,,,,,,,,,,,,,,,,,,,,,,,,,,,,,,,,,,,,,,,,,,,,,,,,,,,,,,,,,,,
"Gambia, The",GMB,Market capitalization of listed domestic companies (% of GDP),CM.MKT.LCAP.GD.ZS,,,,,,,,,,,,,,,,,,,,,,,,,,,,,,,,,,,,,,,,,,,,,,,,,,,,,,,,,,,,,
Guinea-Bissau,GNB,Market capitalization of listed domestic companies (% of GDP),CM.MKT.LCAP.GD.ZS,,,,,,,,,,,,,,,,,,,,,,,,,,,,,,,,,,,,,,,,,,,,,,,,,,,,,,,,,,,,,
Equatorial Guinea,GNQ,Market capitalization of listed domestic companies (% of GDP),CM.MKT.LCAP.GD.ZS,,,,,,,,,,,,,,,,,,,,,,,,,,,,,,,,,,,,,,,,,,,,,,,,,,,,,,,,,,,,,
Greece,GRC,Market capitalization of listed domestic companies (% of GDP),CM.MKT.LCAP.GD.ZS,,,,,,,,,,,,,,,,,,,,,,,,,,,,,,,,,,,,,,,,,,62.23011068,43.59425805,52.81369586,52.07091859,58.56767369,73.42957035,83.19074923,25.44710144,34.13100422,22.57685197,11.73702072,18.26695495,34.43406461,23.26893976,21.40459343,19.03625849,24.85655075,17.59014265,25.56744054,
Grenada,GRD,Market capitalization of listed domestic companies (% of GDP),CM.MKT.LCAP.GD.ZS,,,,,,,,,,,,,,,,,,,,,,,,,,,,,,,,,,,,,,,,,,,,,,,,,,,,,,,,,,,,,
Greenland,GRL,Market capitalization of listed domestic companies (% of GDP),CM.MKT.LCAP.GD.ZS,,,,,,,,,,,,,,,,,,,,,,,,,,,,,,,,,,,,,,,,,,,,,,,,,,,,,,,,,,,,,
Guatemala,GTM,Market capitalization of listed domestic companies (% of GDP),CM.MKT.LCAP.GD.ZS,,,,,,,,,,,,,,,,,,,,,,,,,,,,,,,,,,,,,,,,,,,,,,,,,,,,,,,,,,,,,
Guam,GUM,Market capitalization of listed domestic companies (% of GDP),CM.MKT.LCAP.GD.ZS,,,,,,,,,,,,,,,,,,,,,,,,,,,,,,,,,,,,,,,,,,,,,,,,,,,,,,,,,,,,,
Guyana,GUY,Market capitalization of listed domestic companies (% of GDP),CM.MKT.LCAP.GD.ZS,,,,,,,,,,,,,,,,,,,,,,,,,,,,,,,,,,,,,,,,,,,,,,,,,,,,,,,,,,,,,
High income,HIC,Market capitalization of listed domestic companies (% of GDP),CM.MKT.LCAP.GD.ZS,,,,,,,,,,,,,,,,,,,,,31.51263607,29.11312736,32.4668688,38.73702771,36.39139391,49.44920228,55.58548667,58.24435361,63.06605437,72.80561775,53.5791104,59.65912716,52.61681851,64.53004286,63.70827102,67.33330454,76.84197057,87.99337095,103.8912924,122.9876222,111.3249792,96.99250954,78.55903666,93.26811837,98.98101519,103.7142083,118.6094017,118.8446779,62.124389,92.02345892,99.6195289,80.92124223,94.02488123,113.8652603,115.3076334,116.0724798,119.9486043,139.2080499,118.5481419,,
"Hong Kong SAR, China",HKG,Market capitalization of listed domestic companies (% of GDP),CM.MKT.LCAP.GD.ZS,,,,,,,,,,,,,,,,80.61327594,90.86422359,66.97639487,70.60111821,98.64389837,135.17298,125.520612,67.16154438,65.39642982,70.4762,96.90188457,131.084655,106.8174103,124.6201213,112.7562492,108.3942839,137.0069924,164.9369346,319.925309,198.4417368,209.9544868,281.2587971,233.051079,203.4308338,366.8736065,363.141147,298.7386283,278.3631301,442.7917181,509.4406253,581.0424864,886.1146768,1254.465315,605.9697276,1076.935958,1185.857008,908.6162847,1078.304795,1124.705202,1109.256064,1029.425587,995.2808403,1274.897888,1055.927219,1338.480594,
Honduras,HND,Market capitalization of listed domestic companies (% of GDP),CM.MKT.LCAP.GD.ZS,,,,,,,,,,,,,,,,,,,,,,,,,,,,,,,,,,,,,,,,,,,,,,,,,,,,,,,,,,,,,
Heavily indebted poor countries (HIPC),HPC,Market capitalization of listed domestic companies (% of GDP),CM.MKT.LCAP.GD.ZS,,,,,,,,,,,,,,,,,,,,,,,,,,,,,,,,,,,,,,,,,,,,,,,,,,,,,,,,,,,,,
Croatia,HRV,Market capitalization of listed domestic companies (% of GDP),CM.MKT.LCAP.GD.ZS,,,,,,,,,,,,,,,,,,,,,,,,,,,,,,,,,,,,3.979808151,12.57547081,17.7444228,11.4995206,10.72137374,12.66609794,13.49237215,30.24263994,17.66026996,26.34644048,28.46245429,57.48817455,116.6825569,38.59285213,42.47742847,42.79721758,36.17776117,,37.0063293,34.76035215,37.17793545,39.11239115,41.15141454,33.62603585,37.1729776,
Haiti,HTI,Market capitalization of listed domestic companies (% of GDP),CM.MKT.LCAP.GD.ZS,,,,,,,,,,,,,,,,,,,,,,,,,,,,,,,,,,,,,,,,,,,,,,,,,,,,,,,,,,,,,
Hungary,HUN,Market capitalization of listed domestic companies (% of GDP),CM.MKT.LCAP.GD.ZS,,,,,,,,,,,,,,,,,,,,,,,,,,,,,,,,,,,,,,,,,,,19.21178472,19.53401941,27.50850815,28.83288789,36.28264873,33.00489369,11.67689323,22.97075415,21.12959272,13.30382416,16.19943968,14.6204484,10.32541641,14.20299263,17.68787032,22.29788001,18.32660007,20.4305838,
IBRD only,IBD,Market capitalization of listed domestic companies (% of GDP),CM.MKT.LCAP.GD.ZS,,,,,,,,,,,,,,,,,,,,,,,,,,,,,,,,,,,,,,,,,,,,36.82709035,39.65058669,41.19281749,55.58205527,95.38568085,35.94351458,66.62181906,66.29910847,45.71296227,49.88872786,46.63937644,51.86364667,58.86798056,58.5030972,65.54636183,49.55197765,59.94484147,
IDA & IBRD total,IBT,Market capitalization of listed domestic companies (% of GDP),CM.MKT.LCAP.GD.ZS,,,,,,,,,,,,,,,,,,,,,,,,,,,,,,,,,,,,,,,,,,,,36.4773932,39.07702434,40.21320979,53.76402436,92.48091882,35.01957532,64.6725733,64.58961329,44.62864328,48.87361395,45.80603147,50.7705552,57.52045599,57.16623116,64.50647873,48.77595065,59.0133746,
IDA total,IDA,Market capitalization of listed domestic companies (% of GDP),CM.MKT.LCAP.GD.ZS,,,,,,,,,,,,,,,,,,,,,,,,,,,,,,,,,,,,,,,,,,,,,,,,,,,,,,,,,,,,,
IDA blend,IDB,Market capitalization of listed domestic companies (% of GDP),CM.MKT.LCAP.GD.ZS,,,,,,,,,,,,,,,,,,,,,,,,,,,,,,,,,,18.82414263,20.60283933,17.69378845,22.080116,20.288194,13.68247508,9.60343618,,,7.415579298,,26.18694489,25.04233597,23.76634,38.53242118,16.84795096,18.20248262,19.17387891,13.80272769,14.60728883,18.48345476,16.75992534,15.16641585,17.8041025,,,,
Indonesia,IDN,Market capitalization of listed domestic companies (% of GDP),CM.MKT.LCAP.GD.ZS,,,,,,,,,,,,,,,,,,,,,,,,,,,,,,,,,,,,32.94131089,40.0216424,13.46472993,23.13136704,45.74575134,16.24793089,14.33362262,15.36689466,23.28171674,28.52029714,28.48445573,38.09588394,48.97842945,19.35614609,39.83495235,47.7275708,43.68649336,46.65394903,37.99064551,47.38662528,41.03725644,45.68924907,51.26792744,46.70380867,46.75895022,
IDA only,IDX,Market capitalization of listed domestic companies (% of GDP),CM.MKT.LCAP.GD.ZS,,,,,,,,,,,,,,,,,,,,,,,,,,,,,,,,,,,,,,,,,,,,,,,,,,,,,,,,,,,,,
Isle of Man,IMN,Market capitalization of listed domestic companies (% of GDP),CM.MKT.LCAP.GD.ZS,,,,,,,,,,,,,,,,,,,,,,,,,,,,,,,,,,,,,,,,,,,,,,,,,,,,,,,,,,,,,
India,IND,Market capitalization of listed domestic companies (% of GDP),CM.MKT.LCAP.GD.ZS,,,,,,,,,,,,,,,,,,,,,,,,,,,,,,,,,,,,,,,,,,,,45.92614089,54.69251531,67.41664404,87.09066395,149.5066592,53.98341437,97.36443059,97.38688262,55.24712301,69.1239511,61.33572746,76.41992622,72.07765218,68.27095468,87.89228467,76.79159638,75.81472502,
Not classified,INX,Market capitalization of listed domestic companies (% of GDP),CM.MKT.LCAP.GD.ZS,,,,,,,,,,,,,,,,,,,,,,,,,,,,,,,,,,,,,,,,,,,,,,,,,,,,,,,,,,,,,
Ireland,IRL,Market capitalization of listed domestic companies (% of GDP),CM.MKT.LCAP.GD.ZS,,,,,,,,,,,,,,,,,,,,,,,,,,,,,,,,,,,,,,59.04236158,77.34777185,69.68459932,82.0030286,68.99497391,46.84451625,51.78229326,58.84614555,53.90346342,70.34947026,53.3144474,17.99378587,25.93604103,27.17472325,45.64454118,48.43973773,71.31724501,55.50539082,43.9138705,39.87331017,43.66107681,28.78540642,,
"Iran, Islamic Rep.",IRN,Market capitalization of listed domestic companies (% of GDP),CM.MKT.LCAP.GD.ZS,,,,,,,,,,,,,,,,3.669657448,4.555119475,4.732883614,6.412980095,,,,,,,,,,,,,,,2.018711731,3.901646701,9.501943134,14.13943858,13.32633557,13.51439712,19.17200452,24.35007222,5.817554147,9.143156214,17.9388548,22.41614936,16.09179771,13.63677372,12.54281729,11.81383377,14.21324754,17.79789742,18.43941489,15.19461383,75.12095944,26.95677019,23.23099006,26.65232417,24.39337019,,,
Iraq,IRQ,Market capitalization of listed domestic companies (% of GDP),CM.MKT.LCAP.GD.ZS,,,,,,,,,,,,,,,,,,,,,,,,,,,,,,,,,,,,,,,,,,,,,,,,,,,,,,,,,,,,,
Iceland,ISL,Market capitalization of listed domestic companies (% of GDP),CM.MKT.LCAP.GD.ZS,,,,,,,,,,,,,,,,,,,,,,,,,,,,,,,,,,,,,,,,,,,,,,,,,,,,,,,,,,,,,
Israel,ISR,Market capitalization of listed domestic companies (% of GDP),CM.MKT.LCAP.GD.ZS,,,,,,,,,,,,,,,,,,,,11.80399069,19.89864491,27.24925858,57.17946697,16.39071908,20.98770138,27.74050486,28.98823291,29.56235705,10.8188568,16.48979213,14.02093083,21.15959213,39.27956043,66.90808314,37.90997554,36.36876983,32.51966406,40.39326263,35.2647167,55.72556955,50.4317557,44.09418424,34.78379976,55.26603265,67.80188305,86.00215218,104.9972133,131.3463599,49.83982683,90.97005058,97.27274183,60.02197949,62.93467123,69.4723944,64.77774616,81.35190315,67.08989083,65.40595376,50.58620667,60.07895758,
Italy,ITA,Market capitalization of listed domestic companies (% of GDP),CM.MKT.LCAP.GD.ZS,,,,,,,,,,,,,,,,,,,,,,,,,,,,,,,,,,,,,,,,58.16505836,67.17462059,45.19807166,37.5439363,39.05874288,43.78609205,42.9643297,52.69746003,48.52455564,21.76402667,,,,,,,,,,,,
Jamaica,JAM,Market capitalization of listed domestic companies (% of GDP),CM.MKT.LCAP.GD.ZS,,,,,,,,,,,,,,,,,,,,,,,,,,,,,,,,,,27.22800062,33.53118241,21.26630968,26.39237242,27.35747837,24.34379242,28.52936464,39.51631134,51.4108904,62.27485335,,,,,,,,29.38113753,34.67621688,,,,,,,,95.80375449,
Jordan,JOR,Market capitalization of listed domestic companies (% of GDP),CM.MKT.LCAP.GD.ZS,,,,,,,,,,,,,,,,,,,,,,,,,,,,,,,,,,,,,,,,,,,,,,,,235.3730932,161.1079436,131.7655461,115.1833616,92.95040961,85.96293255,75.63342396,70.34234843,66.90352618,62.69396724,58.87787263,53.84641788,48.09014392,
Japan,JPN,Market capitalization of listed domestic companies (% of GDP),CM.MKT.LCAP.GD.ZS,,,,,,,,,,,,,,,,27.18843653,30.86194491,2.984485477,3.373889037,27.40479419,34.30591658,34.28604706,36.79141092,43.90234879,48.87902007,67.78664937,85.79506818,107.6421364,123.353645,139.4599746,93.47922715,83.85449627,57.68621165,65.24932244,73.20491295,65.06204514,62.47234819,47.23661462,60.49703373,97.66048031,64.59762823,52.62006763,50.28531346,66.42657291,73.88503528,96.16206433,101.847343,95.9173454,61.84716836,63.19709827,67.15277742,54.00583973,56.08112202,88.11905484,90.2602291,111.5148947,100.665541,127.8610762,106.9024789,121.8290841,
Kazakhstan,KAZ,Market capitalization of listed domestic companies (% of GDP),CM.MKT.LCAP.GD.ZS,,,,,,,,,,,,,,,,,,,,,,,,,,,,,,,,,,,,,,,7.651462491,5.997042063,4.384541938,5.519599517,5.233840525,7.867690298,9.134946807,18.43134323,53.93364805,39.46356191,17.43969487,24.22139822,18.01635106,11.70000445,11.31863557,11.08384628,10.37571102,18.9230309,29.25532215,27.31214972,20.63413129,22.5574141,
Kenya,KEN,Market capitalization of listed domestic companies (% of GDP),CM.MKT.LCAP.GD.ZS,,,,,,,,,,,,,,,,,,,,,,,,,,,,,,,,,,18.4829421,42.62224451,22.30198189,14.93475961,13.82320278,14.8188603,,9.880792722,8.049433253,10.8862023,28.06370591,24.17451699,34.06993723,44.0573428,41.7564882,30.23834416,29.62277712,36.15209515,24.31889151,,,,,,,,26.24158065,
Kyrgyz Republic,KGZ,Market capitalization of listed domestic companies (% of GDP),CM.MKT.LCAP.GD.ZS,,,,,,,,,,,,,,,,,,,,,,,,,,,,,,,,,,,,,,,,,,,,,,,,,,,,,,,,,,,,,
Cambodia,KHM,Market capitalization of listed domestic companies (% of GDP),CM.MKT.LCAP.GD.ZS,,,,,,,,,,,,,,,,,,,,,,,,,,,,,,,,,,,,,,,,,,,,,,,,,,,,,,,,,,,,,
Kiribati,KIR,Market capitalization of listed domestic companies (% of GDP),CM.MKT.LCAP.GD.ZS,,,,,,,,,,,,,,,,,,,,,,,,,,,,,,,,,,,,,,,,,,,,,,,,,,,,,,,,,,,,,
St. Kitts and Nevis,KNA,Market capitalization of listed domestic companies (% of GDP),CM.MKT.LCAP.GD.ZS,,,,,,,,,,,,,,,,,,,,,,,,,,,,,,,,,,,,,,,,,,,,,,,,,,,,,,,,,,,,,
"Korea, Rep.",KOR,Market capitalization of listed domestic companies (% of GDP),CM.MKT.LCAP.GD.ZS,,,,,,,,,,,,,,,,,,,,8.053128574,5.854494229,5.791959295,5.625043095,4.998612076,6.381258272,7.286375667,11.9175719,22.32750832,47.27087054,56.89515259,38.92508844,29.17478562,30.28226398,35.547726,41.36559802,32.11437914,22.80049184,7.350772443,29.8940943,61.5316061,29.72384854,42.71286847,39.9694438,46.88333488,54.00139638,76.80071529,79.22435276,95.7353611,44.95179454,88.41612826,95.44121919,79.48624343,92.2554737,90.06075817,81.70481531,83.99660478,83.62985712,109.1056282,82.16516949,,
Kuwait,KWT,Market capitalization of listed domestic companies (% of GDP),CM.MKT.LCAP.GD.ZS,,,,,,,,,,,,,,,,,,,,,,,,,,,,,,,,,,43.85655716,40.06964797,47.69994188,60.11855853,97.69645264,87.76131284,66.45803863,51.60019464,64.87567773,82.49146556,127.3099479,122.6527177,128.3688347,105.4301686,,,,,,,,,,,,,,
Latin America & Caribbean (excluding high income),LAC,Market capitalization of listed domestic companies (% of GDP),CM.MKT.LCAP.GD.ZS,,,,,,,,,,,,,,,,,,,,,,,,,,,,,,,,,,,,,,,,,22.74428096,20.72515227,17.50515049,27.27610338,33.02792991,37.90571092,46.6664909,65.03141391,27.89796788,59.34205104,57.03153776,40.3022354,45.04925426,38.57083031,32.99733778,26.94354297,34.36854343,38.34243568,36.94927049,45.23699003,
Lao PDR,LAO,Market capitalization of listed domestic companies (% of GDP),CM.MKT.LCAP.GD.ZS,,,,,,,,,,,,,,,,,,,,,,,,,,,,,,,,,,,,,,,,,,,,,,,,,,,,,,,,,,,,,
Lebanon,LBN,Market capitalization of listed domestic companies (% of GDP),CM.MKT.LCAP.GD.ZS,,,,,,,,,,,,,,,,,,,,,,,,,,,,,,,,,,,,,17.50154831,17.03924948,13.86313669,10.87541757,9.004792275,6.957605142,6.925822163,7.05943204,10.42678608,22.37412063,36.97982698,43.28254054,32.9118363,36.29935422,33.02825071,22.65913156,20.61631779,22.74221105,23.53437378,22.78953238,23.75404921,21.6252013,17.60363068,14.49546325,
Liberia,LBR,Market capitalization of listed domestic companies (% of GDP),CM.MKT.LCAP.GD.ZS,,,,,,,,,,,,,,,,,,,,,,,,,,,,,,,,,,,,,,,,,,,,,,,,,,,,,,,,,,,,,
Libya,LBY,Market capitalization of listed domestic companies (% of GDP),CM.MKT.LCAP.GD.ZS,,,,,,,,,,,,,,,,,,,,,,,,,,,,,,,,,,,,,,,,,,,,,,,,,,,,,,,,,,,,,
St. Lucia,LCA,Market capitalization of listed domestic companies (% of GDP),CM.MKT.LCAP.GD.ZS,,,,,,,,,,,,,,,,,,,,,,,,,,,,,,,,,,,,,,,,,,,,,,,,,,,,,,,,,,,,,
Latin America & Caribbean,LCN,Market capitalization of listed domestic companies (% of GDP),CM.MKT.LCAP.GD.ZS,,,,,,,,,,,,,,,,,,,,,,,,,,,,,,,,,,,,,,,,,25.07124055,23.13225822,19.88104188,31.41263099,37.62116887,41.72205215,50.24816423,67.80135886,30.03635099,62.7166213,61.68435054,43.55340954,48.73251962,41.50476153,35.78303935,29.75226505,37.20998751,42.12327135,39.88941923,46.64384249,
Least developed countries: UN classification,LDC,Market capitalization of listed domestic companies (% of GDP),CM.MKT.LCAP.GD.ZS,,,,,,,,,,,,,,,,,,,,,,,,,,,,,,,,,,,,,,,,,,,,,,,,,,,,,,,,,,,,,
Low income,LIC,Market capitalization of listed domestic companies (% of GDP),CM.MKT.LCAP.GD.ZS,,,,,,,,,,,,,,,,,,,,,,,,,,,,,,,,,,,,,,,,,,,,,,,,,,,,,,,,,,,,,
Liechtenstein,LIE,Market capitalization of listed domestic companies (% of GDP),CM.MKT.LCAP.GD.ZS,,,,,,,,,,,,,,,,,,,,,,,,,,,,,,,,,,,,,,,,,,,,,,,,,,,,,,,,,,,,,
Sri Lanka,LKA,Market capitalization of listed domestic companies (% of GDP),CM.MKT.LCAP.GD.ZS,,,,,,,,,,,,,,,,,,,,,,,,,,,,,,,,,,,,,,,,10.11750657,6.577381802,8.454290883,10.16180194,14.35813833,17.69870736,23.43701947,27.47136083,23.3481051,10.52701714,22.69436256,35.12313239,29.76898523,24.80332653,25.30557733,29.82129373,25.81024412,22.66812912,21.68583608,17.61364242,18.71297178,
Lower middle income,LMC,Market capitalization of listed domestic companies (% of GDP),CM.MKT.LCAP.GD.ZS,,,,,,,,,,,,,,,,,,,,,,,,,,,,,,,,,,,,,,,,,,,,,40.33004731,45.97233155,58.58123468,98.95169403,35.58742771,61.73640843,63.85295384,38.89892929,48.61252117,44.39902054,52.80152175,50.28455765,49.21233988,65.7316288,56.71422792,61.00841172,
Low & middle income,LMY,Market capitalization of listed domestic companies (% of GDP),CM.MKT.LCAP.GD.ZS,,,,,,,,,,,,,,,,,,,,,,,,,,,,,,,,,,,,,,,,,,,,36.63913408,38.69850882,39.86750838,53.59625031,94.74824302,35.64519274,65.57202202,64.75402441,44.68900644,48.38333042,45.41734009,50.85921296,57.98081519,57.51811674,64.70759795,48.91822504,60.20623303,
Lesotho,LSO,Market capitalization of listed domestic companies (% of GDP),CM.MKT.LCAP.GD.ZS,,,,,,,,,,,,,,,,,,,,,,,,,,,,,,,,,,,,,,,,,,,,,,,,,,,,,,,,,,,,,
Late-demographic dividend,LTE,Market capitalization of listed domestic companies (% of GDP),CM.MKT.LCAP.GD.ZS,,,,,,,,,,,,,,,,,,,,,,,,,,,,,,,,,,,,,,,,,,,,40.60170026,38.6998017,36.69396808,52.93281004,100.2292678,35.76951929,66.4186139,65.27409414,45.42119038,47.09865513,44.47901287,50.69594538,62.33868645,60.66612376,65.07040845,46.93950827,59.44149683,
Lithuania,LTU,Market capitalization of listed domestic companies (% of GDP),CM.MKT.LCAP.GD.ZS,,,,,,,,,,,,,,,,,,,,,,,,,,,,,,,,,,,,,,,,,,,,,,,,,,,,,,,,,,,,,
Luxembourg,LUX,Market capitalization of listed domestic companies (% of GDP),CM.MKT.LCAP.GD.ZS,,,,,,,,,,,,,,,,24.74151602,22.57165639,21.96973929,21.42513915,44.47200884,23.32347049,28.99284159,33.6252145,32.27727438,35.22759942,59.0922176,65.97291929,82.9375577,86.84697569,99.58201713,79.03344197,78.73129051,73.65548943,117.1590158,155.6189818,140.9403358,148.8370795,171.7185296,188.9344819,161.624279,159.9759977,106.7596507,103.9579021,126.3078101,144.5672266,137.2208438,187.4687659,326.3589871,119.2750293,204.4911022,190.046632,112.7036693,124.1018163,127.3755509,95.55798476,81.62061204,100.360319,106.9445314,69.77251733,62.20893091,
Latvia,LVA,Market capitalization of listed domestic companies (% of GDP),CM.MKT.LCAP.GD.ZS,,,,,,,,,,,,,,,,,,,,,,,,,,,,,,,,,,,,,,,,,,,,,,,,,,,,,,,,,,,,,
"Macao SAR, China",MAC,Market capitalization of listed domestic companies (% of GDP),CM.MKT.LCAP.GD.ZS,,,,,,,,,,,,,,,,,,,,,,,,,,,,,,,,,,,,,,,,,,,,,,,,,,,,,,,,,,,,,
St. Martin (French part),MAF,Market capitalization of listed domestic companies (% of GDP),CM.MKT.LCAP.GD.ZS,,,,,,,,,,,,,,,,,,,,,,,,,,,,,,,,,,,,,,,,,,,,,,,,,,,,,,,,,,,,,
Morocco,MAR,Market capitalization of listed domestic companies (% of GDP),CM.MKT.LCAP.GD.ZS,,,,,,,,,,,,,,,,,,,,,,,,,,,,,,,,,,,,,,,,,,,,,,,,,,,74.18421311,59.27553404,53.40573164,50.39181139,47.9162443,45.39237707,55.73400414,61.11188762,51.79787799,55.09800459,
Monaco,MCO,Market capitalization of listed domestic companies (% of GDP),CM.MKT.LCAP.GD.ZS,,,,,,,,,,,,,,,,,,,,,,,,,,,,,,,,,,,,,,,,,,,,,,,,,,,,,,,,,,,,,
Moldova,MDA,Market capitalization of listed domestic companies (% of GDP),CM.MKT.LCAP.GD.ZS,,,,,,,,,,,,,,,,,,,,,,,,,,,,,,,,,,,,,,,,,,,,,,,,,,,,,,,,,,,,,
Madagascar,MDG,Market capitalization of listed domestic companies (% of GDP),CM.MKT.LCAP.GD.ZS,,,,,,,,,,,,,,,,,,,,,,,,,,,,,,,,,,,,,,,,,,,,,,,,,,,,,,,,,,,,,
Maldives,MDV,Market capitalization of listed domestic companies (% of GDP),CM.MKT.LCAP.GD.ZS,,,,,,,,,,,,,,,,,,,,,,,,,,,,,,,,,,,,,,,,,,,,,,,,,,,,,,,,,,,,,
Middle East & North Africa,MEA,Market capitalization of listed domestic companies (% of GDP),CM.MKT.LCAP.GD.ZS,,,,,,,,,,,,,,,,,,,,,,,,,,,,,,,,,,,,,,,,,,,,,,,,,,49.11789083,47.79506886,34.22792287,33.24222961,53.67399116,47.42591427,48.17257575,48.52209762,48.40894467,49.00469398,130.9103779,
Mexico,MEX,Market capitalization of listed domestic companies (% of GDP),CM.MKT.LCAP.GD.ZS,,,,,,,,,,,,,,,,0.534090909,0.89861415,,0.72,0.889556714,0.633228908,0.382634694,0.931698092,1.940327581,1.986307548,2.002870715,4.102561162,6.133899088,8.369511742,12.23121865,15.71270317,32.81570272,38.20490076,40.11399494,24.67650309,25.18759557,25.97975676,31.29312364,17.42553256,25.66401919,17.68648639,16.68525555,13.46202451,16.80061128,21.91167137,27.25178691,35.71352529,37.78151844,21.08623658,39.11418905,42.95184945,34.62036678,43.715016,41.27415703,36.53267029,34.36403879,32.65978461,36.0203407,31.54350734,32.87158756,
Marshall Islands,MHL,Market capitalization of listed domestic companies (% of GDP),CM.MKT.LCAP.GD.ZS,,,,,,,,,,,,,,,,,,,,,,,,,,,,,,,,,,,,,,,,,,,,,,,,,,,,,,,,,,,,,
Middle income,MIC,Market capitalization of listed domestic companies (% of GDP),CM.MKT.LCAP.GD.ZS,,,,,,,,,,,,,,,,,,,,,,,,,,,,,,,,,,,,,,,,,,,,36.63913408,38.69850882,39.86750838,53.59625031,94.74824302,35.64519274,65.57202202,64.75402441,44.68900644,48.38333042,45.41734009,50.85921296,57.98081519,57.51811674,64.70759795,48.91822504,60.21705745,
North Macedonia,MKD,Market capitalization of listed domestic companies (% of GDP),CM.MKT.LCAP.GD.ZS,,,,,,,,,,,,,,,,,,,,,,,,,,,,,,,,,,,,,,,,,,,,,,,,,,,,,,,,,,,,,
Mali,MLI,Market capitalization of listed domestic companies (% of GDP),CM.MKT.LCAP.GD.ZS,,,,,,,,,,,,,,,,,,,,,,,,,,,,,,,,,,,,,,,,,,,,,,,,,,,,,,,,,,,,,
Malta,MLT,Market capitalization of listed domestic companies (% of GDP),CM.MKT.LCAP.GD.ZS,,,,,,,,,,,,,,,,,,,,,,,,,,,,,,,,,,,,,,,,,49.94158354,33.36714488,30.75275538,34.16597364,46.98279987,63.59466252,66.6491093,71.48522866,39.83747824,47.84478448,47.93048164,36.03576084,39.44921432,41.84788348,32.2211919,41.23906671,38.7361289,40.56516926,34.60685262,35.95214197,
Myanmar,MMR,Market capitalization of listed domestic companies (% of GDP),CM.MKT.LCAP.GD.ZS,,,,,,,,,,,,,,,,,,,,,,,,,,,,,,,,,,,,,,,,,,,,,,,,,,,,,,,,,,,,,
Middle East & North Africa (excluding high income),MNA,Market capitalization of listed domestic companies (% of GDP),CM.MKT.LCAP.GD.ZS,,,,,,,,,,,,,,,,,,,,,,,,,,,,,,,,,,,,,,,,,,,,,,,26.12040567,34.46785489,22.19074512,24.24934648,27.52782799,21.30087235,19.02503463,42.29269919,23.89981142,21.23653983,21.66565442,24.49047449,21.31185847,,
Montenegro,MNE,Market capitalization of listed domestic companies (% of GDP),CM.MKT.LCAP.GD.ZS,,,,,,,,,,,,,,,,,,,,,,,,,,,,,,,,,,,,,,,,,,,,,,,,,76.29868744,,77.85939765,77.32383073,92.64907123,,,,,,,,
Mongolia,MNG,Market capitalization of listed domestic companies (% of GDP),CM.MKT.LCAP.GD.ZS,,,,,,,,,,,,,,,,,,,,,,,,,,,,,,,,,,,,,,,,,,,,,,,,,,,,,,,,,,,,,
Northern Mariana Islands,MNP,Market capitalization of listed domestic companies (% of GDP),CM.MKT.LCAP.GD.ZS,,,,,,,,,,,,,,,,,,,,,,,,,,,,,,,,,,,,,,,,,,,,,,,,,,,,,,,,,,,,,
Mozambique,MOZ,Market capitalization of listed domestic companies (% of GDP),CM.MKT.LCAP.GD.ZS,,,,,,,,,,,,,,,,,,,,,,,,,,,,,,,,,,,,,,,,,,,,,,,,,,,,,,,,,,,,,
Mauritania,MRT,Market capitalization of listed domestic companies (% of GDP),CM.MKT.LCAP.GD.ZS,,,,,,,,,,,,,,,,,,,,,,,,,,,,,,,,,,,,,,,,,,,,,,,,,,,,,,,,,,,,,
Mauritius,MUS,Market capitalization of listed domestic companies (% of GDP),CM.MKT.LCAP.GD.ZS,,,,,,,,,,,,,,,,,,,,,,,,,,,,,,,,,,21.46217993,37.14387571,33.09741349,33.5834201,36.39995685,40.82271098,35.03502498,26.648004,21.20044017,24.59024399,32.58785281,32.20854368,35.85158679,70.54557856,97.16497149,46.66483816,72.10168826,77.49925242,68.10975932,61.5330663,73.72311385,68.34894329,61.90876053,61.87058897,73.47961218,69.43778237,60.75810928,
Malawi,MWI,Market capitalization of listed domestic companies (% of GDP),CM.MKT.LCAP.GD.ZS,,,,,,,,,,,,,,,,,,,,,,,,,,,,,,,,,,,,,,,,,,,,,,,,,,,,,,,,,,,,,
Malaysia,MYS,Market capitalization of listed domestic companies (% of GDP),CM.MKT.LCAP.GD.ZS,,,,,,,,,,,,,,,,,,,,,,61.1831673,51.77362321,74.79885408,56.95831821,77.41604258,53.58379071,56.71724163,65.36714186,102.1818369,108.7329549,115.4203632,150.433979,320.9915885,247.0831897,240.9728693,303.5674922,93.22534733,132.4161587,176.7664953,120.6483714,128.2342403,124.7235892,145.9262648,145.5908267,125.7663069,144.8024507,168.0671232,81.98778838,142.9955433,160.2598047,132.7810762,148.3853507,154.7858846,135.7752187,127.0849861,119.4296398,142.8940964,110.9979761,110.763833,
North America,NAC,Market capitalization of listed domestic companies (% of GDP),CM.MKT.LCAP.GD.ZS,,,,,,,,,,,,,,,,,,,,,52.55254365,39.3995682,45.49695502,51.99708221,42.08509305,55.14208952,57.99471264,55.56324455,56.1779903,63.24892216,54.17244587,68.97034691,70.34998757,78.62840874,72.64060553,92.47903539,107.5689649,127.6291157,144.4563184,157.4275918,144.3950137,128.9669895,102.1110212,122.8622172,132.1845097,130.0777402,140.5468413,138.8678942,77.61111248,105.8776164,117.126453,101.2576244,114.9660275,140.3082919,147.0923591,134.8185238,145.0214863,163.1763373,145.5327579,,
Namibia,NAM,Market capitalization of listed domestic companies (% of GDP),CM.MKT.LCAP.GD.ZS,,,,,,,,,,,,,,,,,,,,,,,,,,,,,,,,,,0.85959239,5.39995314,4.793945984,12.00270936,16.79886341,11.17253137,18.10738763,8.117625542,4.328532282,6.252814024,6.394757768,6.058694862,5.82278,6.914862462,8.003204211,7.206565452,10.90227543,10.43885798,9.336329495,9.992444183,14.8676972,15.5710166,16.95595866,21.91092365,22.87936406,18.29843442,21.09735295,
New Caledonia,NCL,Market capitalization of listed domestic companies (% of GDP),CM.MKT.LCAP.GD.ZS,,,,,,,,,,,,,,,,,,,,,,,,,,,,,,,,,,,,,,,,,,,,,,,,,,,,,,,,,,,,,
Niger,NER,Market capitalization of listed domestic companies (% of GDP),CM.MKT.LCAP.GD.ZS,,,,,,,,,,,,,,,,,,,,,,,,,,,,,,,,,,,,,,,,,,,,,,,,,,,,,,,,,,,,,
Nigeria,NGA,Market capitalization of listed domestic companies (% of GDP),CM.MKT.LCAP.GD.ZS,,,,,,,,,,,,,,,,,,,,,,,,,,,,,,,,,,7.720107474,8.799976996,17.65039668,24.89338638,23.06197071,18.90275532,4.951070582,,,2.488776651,,11.6331166,12.62901484,13.90510641,30.80067448,14.26030142,11.0399402,13.91083659,9.5113578,12.23511762,15.65343246,11.04070841,10.1042417,7.362527811,9.905007867,7.91654563,9.801293842,
Nicaragua,NIC,Market capitalization of listed domestic companies (% of GDP),CM.MKT.LCAP.GD.ZS,,,,,,,,,,,,,,,,,,,,,,,,,,,,,,,,,,,,,,,,,,,,,,,,,,,,,,,,,,,,,
Netherlands,NLD,Market capitalization of listed domestic companies (% of GDP),CM.MKT.LCAP.GD.ZS,,,,,,,,,,,,,,,,18.25447086,18.50345948,17.72853372,17.0513229,16.25073004,15.04433778,13.31086253,16.22462553,21.98928444,24.61600598,41.26817783,41.67718635,35.54654207,41.2732657,59.79238205,37.6418331,51.6325284,47.04175365,51.40831639,59.08256436,63.37617263,83.32208409,112.4319497,137.7102465,155.3048886,153.7921466,116.6528808,85.08393287,84.42533511,81.96697739,86.53364036,106.300178,112.8234192,41.00440939,64.41769025,78.09289202,65.77212042,77.57252061,93.26244107,88.28170807,95.19390379,102.8328602,131.9277481,,,
Norway,NOR,Market capitalization of listed domestic companies (% of GDP),CM.MKT.LCAP.GD.ZS,,,,,,,,,,,,,,,,,,,,,,5.243090242,3.824001984,7.44045967,93.34203805,15.38232947,12.84519267,12.61595349,15.46195257,24.63638935,21.81272462,18.04936012,13.63548399,22.69974331,28.67845589,29.32782589,34.78329992,41.21888839,30.11151204,39.25201341,38.40888283,39.92901882,32.81934637,41.91232012,53.46829538,61.86088767,81.26923625,88.52256123,31.56437858,58.83969116,68.87077611,44.33950096,47.6470795,50.76446598,44.01389376,50.25789813,62.70192417,72.08748933,61.5851566,73.2759693,
Nepal,NPL,Market capitalization of listed domestic companies (% of GDP),CM.MKT.LCAP.GD.ZS,,,,,,,,,,,,,,,,,,,,,,,,,,,,,,,,,,,,,,,,,,,,,,,,,,,,,,,,,,,,,
Nauru,NRU,Market capitalization of listed domestic companies (% of GDP),CM.MKT.LCAP.GD.ZS,,,,,,,,,,,,,,,,,,,,,,,,,,,,,,,,,,,,,,,,,,,,,,,,,,,,,,,,,,,,,
New Zealand,NZL,Market capitalization of listed domestic companies (% of GDP),CM.MKT.LCAP.GD.ZS,,,,,,,,,,,,,,,,,,,,,,,,,,35.59940372,72.58850101,38.76994434,29.76909951,30.70810944,19.39497726,33.44926823,36.79246722,54.77398173,49.02429946,49.08266013,54.59099516,46.1735358,44.07822778,48.24780343,35.37067493,33.08145066,32.66150629,37.44977718,42.08771626,35.38390356,40.1550074,34.5801254,18.16308015,29.25794266,29.67946783,26.18462433,29.99756379,34.56273542,37.0371156,41.89526974,42.52837113,46.09735478,41.42572896,52.13377643,
OECD members,OED,Market capitalization of listed domestic companies (% of GDP),CM.MKT.LCAP.GD.ZS,,,,,,,,,,,,,,,,,,,,,30.07148843,27.37835426,31.53037578,37.85474132,35.48024563,48.25705915,54.63528104,57.4154507,62.07910629,70.84035476,52.605166,58.63438871,51.72267077,61.43343378,60.9186683,65.27446883,73.86375209,85.23884327,100.7615948,118.6594321,107.2228431,93.25119346,75.03902462,88.77775968,94.06551455,97.95363427,110.6005969,109.2117199,57.46547721,83.21685911,89.70727633,73.35891998,84.7140604,102.9382915,103.9981125,105.002884,109.0171637,126.0018264,107.4494603,,
Oman,OMN,Market capitalization of listed domestic companies (% of GDP),CM.MKT.LCAP.GD.ZS,,,,,,,,,,,,,,,,,,,,,,,,,,,,,,,,,,12.89751124,16.51075031,17.23298412,19.92202611,47.32819624,31.17908155,26.59020103,21.41421913,20.88780969,25.61686755,33.54092484,38.09992958,49.12478943,43.27184147,63.40039504,33.80482375,46.43472003,49.63520755,39.49506372,39.53658958,46.66736332,46.66026197,60.12136497,35.56025859,30.16838527,23.69258892,22.23797318,
Other small states,OSS,Market capitalization of listed domestic companies (% of GDP),CM.MKT.LCAP.GD.ZS,,,,,,,,,,,,,,,,,,,,,,,,,,,,,,,,,,,,,,,,,,,,,,,,,,,,,,,75.62616075,,,,,72.12310711,
Pakistan,PAK,Market capitalization of listed domestic companies (% of GDP),CM.MKT.LCAP.GD.ZS,,,,,,,,,,,,,,,,,,,,,,,,,,,,,,,,,,24.41944098,24.72163969,15.59998434,18.41509379,18.90869125,8.712718436,11.1281101,8.077032754,6.169008955,12.72583926,18.1225279,42.31232718,37.74700744,32.71539516,45.74929441,13.73138532,18.96310064,21.4529076,15.24805676,19.46378699,24.78643506,30.06552742,24.42019317,32.96687999,,,,
Panama,PAN,Market capitalization of listed domestic companies (% of GDP),CM.MKT.LCAP.GD.ZS,,,,,,,,,,,,,,,,,,,,,,,,,,,,,,,,,,4.964369604,8.132156252,8.679926579,12.96297835,20.37174971,32.97831182,28.70509156,22.70785018,20.81344754,23.81426874,23.51398,27.99236097,36.41539367,39.41975275,33.824687,28.08567057,28.47882796,28.35568931,30.79524422,31.02669572,27.56578947,27.55504142,24.3555111,23.42343074,24.14649866,24.02604402,25.21077592,
Peru,PER,Market capitalization of listed domestic companies (% of GDP),CM.MKT.LCAP.GD.ZS,,,,,,,,,,,,,,,,,,,,,,,,,,,,,,,,,,,,,,26.64938991,17.78061082,24.09367326,18.84231765,18.81664448,20.88709565,24.05036992,27.06916422,31.73748048,45.1490505,67.91211088,31.41980219,59.31200847,70.05234504,47.66963318,53.26614749,40.252184,39.26495858,29.79669153,42.25674183,47.02112368,42.05695801,43.6261011,
Philippines,PHL,Market capitalization of listed domestic companies (% of GDP),CM.MKT.LCAP.GD.ZS,,,,,,,,,,,,,,,,,,,,,,,,,,,,,,,,,,,,,97.34512977,38.08474298,48.8831082,50.81964686,31.05124744,26.91976882,21.95232757,26.62677781,30.10664157,37.04964163,53.15330497,65.93952489,28.7450984,49.02550314,75.50095326,70.47593035,87.55198722,76.54740892,88.01853652,77.9321773,75.2409693,88.40744259,74.4303564,73.0640848,
Palau,PLW,Market capitalization of listed domestic companies (% of GDP),CM.MKT.LCAP.GD.ZS,,,,,,,,,,,,,,,,,,,,,,,,,,,,,,,,,,,,,,,,,,,,,,,,,,,,,,,,,,,,,
Papua New Guinea,PNG,Market capitalization of listed domestic companies (% of GDP),CM.MKT.LCAP.GD.ZS,,,,,,,,,,,,,,,,,,,,,,,,,,,,,,,,,,,,,,,,,,,,83.77304871,97.39944585,126.1517677,92.69112847,135.7840717,95.80869164,150.7287947,77.38010948,70.01675098,,,,,,,,,
Poland,POL,Market capitalization of listed domestic companies (% of GDP),CM.MKT.LCAP.GD.ZS,,,,,,,,,,,,,,,,,,,,,,,,,,,,,,,,,,,,3.211127108,5.235425282,7.626268108,11.7329966,17.42706497,18.19778402,13.65550991,14.28444683,17.01979266,27.6480859,30.71586158,43.17643701,49.3216609,17.01259413,34.3255157,39.78664752,26.14141758,35.45608969,39.01738997,30.96791295,28.84735182,29.38139256,38.25992242,27.33414504,25.60418354,
Pre-demographic dividend,PRE,Market capitalization of listed domestic companies (% of GDP),CM.MKT.LCAP.GD.ZS,,,,,,,,,,,,,,,,,,,,,,,,,,,,,,,,,,,,,,,,,,,,,,,,,,,,,,,,,,,,,
Puerto Rico,PRI,Market capitalization of listed domestic companies (% of GDP),CM.MKT.LCAP.GD.ZS,,,,,,,,,,,,,,,,,,,,,,,,,,,,,,,,,,,,,,,,,,,,,,,,,,,,,,,,,,,,,
"Korea, Dem. People’s Rep.",PRK,Market capitalization of listed domestic companies (% of GDP),CM.MKT.LCAP.GD.ZS,,,,,,,,,,,,,,,,,,,,,,,,,,,,,,,,,,,,,,,,,,,,,,,,,,,,,,,,,,,,,
Portugal,PRT,Market capitalization of listed domestic companies (% of GDP),CM.MKT.LCAP.GD.ZS,,,,,,,,,,,,,,,,,,0.363394238,0.259753938,0.331106937,0.565226936,0.487846434,0.302347819,0.338917708,0.310889422,0.786699798,4.725067438,29.27821413,12.75858158,17.49418066,11.95537866,10.42573651,9.058564801,13.05459677,16.31041395,15.5423874,19.96300424,33.28886806,50.79133933,53.47968333,51.28926183,38.13846381,31.93693963,35.35362286,37.1574391,33.96555819,49.950366,55.05562166,26.25400822,40.31454279,34.46964306,25.20040397,30.29969827,34.97728239,25.1633944,30.0215849,27.75526094,34.14815439,25.66934002,,
Paraguay,PRY,Market capitalization of listed domestic companies (% of GDP),CM.MKT.LCAP.GD.ZS,,,,,,,,,,,,,,,,,,,,,,,,,,,,,,,,,,,,,3.959179492,4.251985993,3.960053234,3.539634649,,,,,,,,,,,,,,,,,,,,,
West Bank and Gaza,PSE,Market capitalization of listed domestic companies (% of GDP),CM.MKT.LCAP.GD.ZS,,,,,,,,,,,,,,,,,,,,,,,,,,,,,,,,,,,,,,,,14.10189174,10.50398739,12.79616355,11.76528489,11.62247984,17.95759032,65.43130924,39.37516548,31.84478187,27.28043755,32.68154426,27.48650862,26.58732585,25.34833413,26.02981725,25.06574601,26.3489308,25.25097388,26.84137922,25.55381468,,
Pacific island small states,PSS,Market capitalization of listed domestic companies (% of GDP),CM.MKT.LCAP.GD.ZS,,,,,,,,,,,,,,,,,,,,,,,,,,,,,,,,,,,,,,,,,,,,,,,,,,,,,,,,,,,,,
Post-demographic dividend,PST,Market capitalization of listed domestic companies (% of GDP),CM.MKT.LCAP.GD.ZS,,,,,,,,,,,,,,,,,,,,,31.54900257,29.1193827,32.38026948,38.82118669,36.4435847,49.5144113,55.66714143,58.33605988,63.24715238,72.16547617,53.65974845,59.70765363,52.71698034,64.33944807,63.36795745,67.90607878,77.51368212,88.96003188,105.6988421,124.7581252,113.4319442,98.44054555,79.46438752,94.06251511,99.79432235,104.7656683,119.8782204,120.5954293,63.36569771,93.19044932,100.7098593,82.48222801,96.17180348,117.17908,118.7278839,119.6318166,123.4474977,143.6270599,122.5755954,,
French Polynesia,PYF,Market capitalization of listed domestic companies (% of GDP),CM.MKT.LCAP.GD.ZS,,,,,,,,,,,,,,,,,,,,,,,,,,,,,,,,,,,,,,,,,,,,,,,,,,,,,,,,,,,,,
Qatar,QAT,Market capitalization of listed domestic companies (% of GDP),CM.MKT.LCAP.GD.ZS,,,,,,,,,,,,,,,,,,,,,,,,,,,,,,,,,,,,,,,,,,,,,,,,119.8139987,66.39241218,,,,,76.77651063,90.12511946,88.13936273,102.037634,78.24308258,85.20361153,87.23716539,
Romania,ROU,Market capitalization of listed domestic companies (% of GDP),CM.MKT.LCAP.GD.ZS,,,,,,,,,,,,,,,,,,,,,,,,,,,,,,,,,,,,,,,0.855252512,0.872505509,0.976532012,2.730795365,5.403105309,5.88688062,14.62399583,16.10704956,20.68050328,17.55133855,7.068817822,7.508726297,8.543212278,7.644831478,,,,,,,,10.44088566,
Russian Federation,RUS,Market capitalization of listed domestic companies (% of GDP),CM.MKT.LCAP.GD.ZS,,,,,,,,,,,,,,,,,,,,,,,,,,,,,,,,,,,,,,,,,,,,,,,,,,62.30233446,62.38341351,38.29830209,37.37454375,33.61682066,18.7412012,28.84072031,48.72007177,39.60266438,34.5065989,,
Rwanda,RWA,Market capitalization of listed domestic companies (% of GDP),CM.MKT.LCAP.GD.ZS,,,,,,,,,,,,,,,,,,,,,,,,,,,,,,,,,,,,,,,,,,,,,,,,,,,,,,,,,,,,31.753309,
South Asia,SAS,Market capitalization of listed domestic companies (% of GDP),CM.MKT.LCAP.GD.ZS,,,,,,,,,,,,,,,,,,,,,,,,,,,,,,,,,,,,,,,,,,,,41.54475149,52.18709025,58.72755139,74.3365519,128.6289459,45.73085831,82.73277916,85.50916607,49.62355314,62.4386042,56.18899927,70.06102181,65.30573121,60.73962974,81.49804242,70.76430689,74.1936355,
Saudi Arabia,SAU,Market capitalization of listed domestic companies (% of GDP),CM.MKT.LCAP.GD.ZS,,,,,,,,,,,,,,,,,,,,,,,,,,,,,,,,,,,,,,,,,,,,,,,,,,74.27994981,66.90737839,50.48475591,50.73199898,62.59526928,63.87456708,64.35571438,69.59316718,65.55154368,63.10736207,303.520839,
Sudan,SDN,Market capitalization of listed domestic companies (% of GDP),CM.MKT.LCAP.GD.ZS,,,,,,,,,,,,,,,,,,,,,,,,,,,,,,,,,,,,,,,,,,,,,,,,,,,,,,,,,,,,,
Senegal,SEN,Market capitalization of listed domestic companies (% of GDP),CM.MKT.LCAP.GD.ZS,,,,,,,,,,,,,,,,,,,,,,,,,,,,,,,,,,,,,,,,,,,,,,,,,,,,,,,,,,,,,
Singapore,SGP,Market capitalization of listed domestic companies (% of GDP),CM.MKT.LCAP.GD.ZS,,,,,,,,,,,,,,,,,,,,146.3896374,205.2570859,245.5526495,72.94439135,87.29893216,62.00965155,57.78321237,89.41855637,85.45640697,94.64085884,117.9191856,94.81015026,104.678721,93.8679306,218.9112969,181.960861,168.5486483,155.8151292,104.3084375,110.7996527,223.6587457,159.0707681,128.8364307,109.6692939,152.0835253,189.0680376,201.3493118,258.5516955,297.9832236,136.8584686,247.8707359,269.892024,214.1650965,259.2718036,242.0255018,239.1069543,207.7750927,200.9800267,230.2836294,184.1440795,187.4070293,
Solomon Islands,SLB,Market capitalization of listed domestic companies (% of GDP),CM.MKT.LCAP.GD.ZS,,,,,,,,,,,,,,,,,,,,,,,,,,,,,,,,,,,,,,,,,,,,,,,,,,,,,,,,,,,,,
Sierra Leone,SLE,Market capitalization of listed domestic companies (% of GDP),CM.MKT.LCAP.GD.ZS,,,,,,,,,,,,,,,,,,,,,,,,,,,,,,,,,,,,,,,,,,,,,,,,,,,,,,,,,,,,,
El Salvador,SLV,Market capitalization of listed domestic companies (% of GDP),CM.MKT.LCAP.GD.ZS,,,,,,,,,,,,,,,,,,,,,,,,,,,,,,,,,,,,,,,,,,,,,,,,,,,,,,,,,,,,,
San Marino,SMR,Market capitalization of listed domestic companies (% of GDP),CM.MKT.LCAP.GD.ZS,,,,,,,,,,,,,,,,,,,,,,,,,,,,,,,,,,,,,,,,,,,,,,,,,,,,,,,,,,,,,
Somalia,SOM,Market capitalization of listed domestic companies (% of GDP),CM.MKT.LCAP.GD.ZS,,,,,,,,,,,,,,,,,,,,,,,,,,,,,,,,,,,,,,,,,,,,,,,,,,,,,,,,,,,,,
Serbia,SRB,Market capitalization of listed domestic companies (% of GDP),CM.MKT.LCAP.GD.ZS,,,,,,,,,,,,,,,,,,,,,,,,,,,,,,,,,,,,,,,,,,,,6.345417751,12.46998606,19.3807615,33.32730913,54.9481021,24.09441054,25.27703363,3.686273519,3.637348346,,,,,,,,,
Sub-Saharan Africa (excluding high income),SSA,Market capitalization of listed domestic companies (% of GDP),CM.MKT.LCAP.GD.ZS,,,,,,,,,,,,,,,,,,,,,,,,,,,,,,,,,,,133.3761151,123.7006495,109.4323223,99.47332686,,,,,,,,,,,,,,,,,,,,,,,
South Sudan,SSD,Market capitalization of listed domestic companies (% of GDP),CM.MKT.LCAP.GD.ZS,,,,,,,,,,,,,,,,,,,,,,,,,,,,,,,,,,,,,,,,,,,,,,,,,,,,,,,,,,,,,
Sub-Saharan Africa,SSF,Market capitalization of listed domestic companies (% of GDP),CM.MKT.LCAP.GD.ZS,,,,,,,,,,,,,,,,,,,,,,,,,,,,,,,,,,,131.7134775,122.1776845,108.0612801,98.4372389,,,,,,,,,,,,,,,,,,,,,,,
Small states,SST,Market capitalization of listed domestic companies (% of GDP),CM.MKT.LCAP.GD.ZS,,,,,,,,,,,,,,,,,,,,,,,,,,,,,,,,,,,,,,,,,,,,,,,,,,,,,,,,,,,,,
Sao Tome and Principe,STP,Market capitalization of listed domestic companies (% of GDP),CM.MKT.LCAP.GD.ZS,,,,,,,,,,,,,,,,,,,,,,,,,,,,,,,,,,,,,,,,,,,,,,,,,,,,,,,,,,,,,
Suriname,SUR,Market capitalization of listed domestic companies (% of GDP),CM.MKT.LCAP.GD.ZS,,,,,,,,,,,,,,,,,,,,,,,,,,,,,,,,,,,,,,,,,,,,,,,,,,,,,,,,,,,,,
Slovak Republic,SVK,Market capitalization of listed domestic companies (% of GDP),CM.MKT.LCAP.GD.ZS,,,,,,,,,,,,,,,,,,,,,,,,,,,,,,,,,,15.89517221,14.56033004,4.651289436,4.332133958,4.907632358,2.178724495,1.510406868,1.495305803,1.767356084,2.637976126,2.765771755,4.201945447,3.914849164,8.247202451,7.993630693,5.355933395,5.718172024,4.620432237,5.485814121,4.883210004,4.863379438,,,,,,,
Slovenia,SVN,Market capitalization of listed domestic companies (% of GDP),CM.MKT.LCAP.GD.ZS,,,,,,,,,,,,,,,,,,,,,,,,,,,,,,,,,,,,,,9.032947182,13.4782747,12.5663854,15.27701767,16.57998981,23.74596052,24.07355855,28.11817694,21.81625568,38.45326291,60.11664312,21.24006687,24.10440433,19.57663021,12.27932078,13.90035726,14.7275841,15.05959712,14.00549028,11.78555167,13.01096047,13.44796199,14.74317383,
Sweden,SWE,Market capitalization of listed domestic companies (% of GDP),CM.MKT.LCAP.GD.ZS,,,,,,,,,,,,,,,,2.654279359,2.909522968,8.045984245,9.789860033,8.65258175,9.085454354,13.2748604,16.25866351,28.8007954,23.5107689,32.68012087,42.09694858,38.45547188,48.15535601,54.70966803,35.14075893,35.39205841,27.46165013,47.19818981,52.07096137,64.55163764,82.39498852,98.71860374,102.9165025,136.1968394,124.9218987,97.57361257,67.12310276,86.70202697,,,,,,,,,,,,,,,,,
Eswatini,SWZ,Market capitalization of listed domestic companies (% of GDP),CM.MKT.LCAP.GD.ZS,,,,,,,,,,,,,,,,,,,,,,,,,,,,,,,,,,,23.85694085,19.9448795,29.39866046,7.541213173,5.392844728,6.126426328,4.201712454,8.239991307,10.31749011,7.838050569,8.01564481,6.177538767,6.000570331,6.752246378,,,,,,,,,,,,,
Sint Maarten (Dutch part),SXM,Market capitalization of listed domestic companies (% of GDP),CM.MKT.LCAP.GD.ZS,,,,,,,,,,,,,,,,,,,,,,,,,,,,,,,,,,,,,,,,,,,,,,,,,,,,,,,,,,,,,
Seychelles,SYC,Market capitalization of listed domestic companies (% of GDP),CM.MKT.LCAP.GD.ZS,,,,,,,,,,,,,,,,,,,,,,,,,,,,,,,,,,,,,,,,,,,,,,,,,,,,,,,,,,,,66.90082356,
Syrian Arab Republic,SYR,Market capitalization of listed domestic companies (% of GDP),CM.MKT.LCAP.GD.ZS,,,,,,,,,,,,,,,,,,,,,,,,,,,,,,,,,,,,,,,,,,,,,,,,,,,,,,,,,,,,,
Turks and Caicos Islands,TCA,Market capitalization of listed domestic companies (% of GDP),CM.MKT.LCAP.GD.ZS,,,,,,,,,,,,,,,,,,,,,,,,,,,,,,,,,,,,,,,,,,,,,,,,,,,,,,,,,,,,,
Chad,TCD,Market capitalization of listed domestic companies (% of GDP),CM.MKT.LCAP.GD.ZS,,,,,,,,,,,,,,,,,,,,,,,,,,,,,,,,,,,,,,,,,,,,,,,,,,,,,,,,,,,,,
East Asia & Pacific (IDA & IBRD countries),TEA,Market capitalization of listed domestic companies (% of GDP),CM.MKT.LCAP.GD.ZS,,,,,,,,,,,,,,,,,,,,,,,,,,,,,,,,,,,,,,,,,,,,38.8594864,32.59834475,27.63100592,47.72074016,115.7282189,37.93993227,68.41297343,67.89119833,49.15227132,49.60342986,46.33773787,60.58290874,72.92041961,66.04282626,72.69391604,49.41509557,61.3618207,
Europe & Central Asia (IDA & IBRD countries),TEC,Market capitalization of listed domestic companies (% of GDP),CM.MKT.LCAP.GD.ZS,,,,,,,,,,,,,,,,,,,,,,,,,,,,,,,,,,,,,,,,,,,,,,,,,,44.69962908,46.1766916,29.54353849,35.45121645,30.00157804,21.41492543,26.34527988,35.44092654,34.24565019,27.88213927,,
Togo,TGO,Market capitalization of listed domestic companies (% of GDP),CM.MKT.LCAP.GD.ZS,,,,,,,,,,,,,,,,,,,,,,,,,,,,,,,,,,,,,,,,,,,,,,,,,,,,,,,,,,,,,
Thailand,THA,Market capitalization of listed domestic companies (% of GDP),CM.MKT.LCAP.GD.ZS,,,,,,,,,,,,,,,,,,,,,,,,,,,,,,31.95125212,23.96637647,38.75321211,51.39239601,99.40222436,86.64923516,82.86786562,52.82992293,15.23912346,30.13174484,45.13852714,23.11645197,29.87883032,33.88240624,78.15646859,66.73985928,65.4373067,63.20455442,74.97052681,35.39267669,62.81488351,81.42122995,72.40425058,98.03754456,84.30620216,105.6678167,86.91790131,104.7229399,120.272141,98.86023432,104.7049287,
Tajikistan,TJK,Market capitalization of listed domestic companies (% of GDP),CM.MKT.LCAP.GD.ZS,,,,,,,,,,,,,,,,,,,,,,,,,,,,,,,,,,,,,,,,,,,,,,,,,,,,,,,,,,,,,
Turkmenistan,TKM,Market capitalization of listed domestic companies (% of GDP),CM.MKT.LCAP.GD.ZS,,,,,,,,,,,,,,,,,,,,,,,,,,,,,,,,,,,,,,,,,,,,,,,,,,,,,,,,,,,,,
Latin America & the Caribbean (IDA & IBRD countries),TLA,Market capitalization of listed domestic companies (% of GDP),CM.MKT.LCAP.GD.ZS,,,,,,,,,,,,,,,,,,,,,,,,,,,,,,,,,,,,,,,,,25.02286508,23.07150555,19.88104188,31.41263099,37.62116887,41.72205215,50.3193747,67.88899518,30.06871093,62.78886274,61.75068613,43.49562399,48.73418937,41.50476153,35.78303935,29.77721906,37.17956964,42.09705835,39.85613899,46.62244647,
Timor-Leste,TLS,Market capitalization of listed domestic companies (% of GDP),CM.MKT.LCAP.GD.ZS,,,,,,,,,,,,,,,,,,,,,,,,,,,,,,,,,,,,,,,,,,,,,,,,,,,,,,,,,,,,,
Middle East & North Africa (IDA & IBRD countries),TMN,Market capitalization of listed domestic companies (% of GDP),CM.MKT.LCAP.GD.ZS,,,,,,,,,,,,,,,,,,,,,,,,,,,,,,,,,,,,,,,,,,,,,,,26.00147098,34.48859243,22.15042503,24.17686895,27.52817237,21.2560073,18.97042361,42.46281595,23.88739681,21.17848305,21.62366828,24.4592472,21.22061987,,
Tonga,TON,Market capitalization of listed domestic companies (% of GDP),CM.MKT.LCAP.GD.ZS,,,,,,,,,,,,,,,,,,,,,,,,,,,,,,,,,,,,,,,,,,,,,,,,,,,,,,,,,,,,,
South Asia (IDA & IBRD),TSA,Market capitalization of listed domestic companies (% of GDP),CM.MKT.LCAP.GD.ZS,,,,,,,,,,,,,,,,,,,,,,,,,,,,,,,,,,,,,,,,,,,,41.54475149,52.18709025,58.72755139,74.3365519,128.6289459,45.73085831,82.73277916,85.50916607,49.62355314,62.4386042,56.18899927,70.06102181,65.30573121,60.73962974,81.49804242,70.76430689,74.1936355,
Sub-Saharan Africa (IDA & IBRD countries),TSS,Market capitalization of listed domestic companies (% of GDP),CM.MKT.LCAP.GD.ZS,,,,,,,,,,,,,,,,,,,,,,,,,,,,,,,,,,,131.7134775,122.1776845,108.0612801,98.4372389,,,,,,,,,,,,,,,,,,,,,,,
Trinidad and Tobago,TTO,Market capitalization of listed domestic companies (% of GDP),CM.MKT.LCAP.GD.ZS,,,,,,,,,,,,,,,,,,,,,,,,,,,,,,,,,,,,,,,,,41.92234737,44.06975472,,,,,,,,,,,,,,,,,,,
Tunisia,TUN,Market capitalization of listed domestic companies (% of GDP),CM.MKT.LCAP.GD.ZS,,,,,,,,,,,,,,,,,,,,,,,,,,,,,,,,,,,,22.34089939,19.20640223,10.78319259,9.965797829,11.48346448,13.1106284,10.10812905,9.205137398,8.971523607,8.248431869,8.72707632,12.31379416,13.74247064,14.12751286,21.35973693,24.18044342,21.09111081,19.72928185,18.59529204,18.35679825,20.42749352,20.21520409,22.41719895,20.94274008,21.91683483,
Turkey,TUR,Market capitalization of listed domestic companies (% of GDP),CM.MKT.LCAP.GD.ZS,,,,,,,,,,,,,,,,,,,,,,,,,,,,,,,,,,20.32122083,16.53151084,12.2557186,16.70296584,32.18328703,12.20065614,44.04953322,25.53706341,24.16355795,15.11733142,21.92878626,24.28389826,31.90905432,29.1183567,42.10467951,15.38386294,35.93889384,39.18155809,23.67193445,36.06452319,20.5922322,23.52449939,21.9658731,19.88660785,26.68207056,19.35094262,24.51792012,
Tuvalu,TUV,Market capitalization of listed domestic companies (% of GDP),CM.MKT.LCAP.GD.ZS,,,,,,,,,,,,,,,,,,,,,,,,,,,,,,,,,,,,,,,,,,,,,,,,,,,,,,,,,,,,,
Tanzania,TZA,Market capitalization of listed domestic companies (% of GDP),CM.MKT.LCAP.GD.ZS,,,,,,,,,,,,,,,,,,,,,,,,,,,,,,,,,,,,,,,,1.348337046,1.73056526,2.931162036,,,,,,,,,,,,,,,,,,,
Uganda,UGA,Market capitalization of listed domestic companies (% of GDP),CM.MKT.LCAP.GD.ZS,,,,,,,,,,,,,,,,,,,,,,,,,,,,,,,,,,,,,,,,,,,,,,,,,,,,,,,,,,,,,
Ukraine,UKR,Market capitalization of listed domestic companies (% of GDP),CM.MKT.LCAP.GD.ZS,,,,,,,,,,,,,,,,,,,,,,,,,,,,,,,,,,,,,,,,,,,,,,,,,,,28.59826297,15.72328489,,,,,,4.633196849,3.373091913,,
Upper middle income,UMC,Market capitalization of listed domestic companies (% of GDP),CM.MKT.LCAP.GD.ZS,,,,,,,,,,,,,,,,,,,,,,,,,,,,,,,,,,,,,,,,,,,,36.87217089,38.3101642,38.39683024,52.32535692,93.68704568,35.65879607,66.40986567,64.96065977,45.92225981,48.34013343,45.6058333,50.48110361,59.56947071,59.37513059,64.49402727,47.29921043,60.05155583,
Uruguay,URY,Market capitalization of listed domestic companies (% of GDP),CM.MKT.LCAP.GD.ZS,,,,,,,,,,,,,,,,,,,,,,,,,,,,,,,,,,,,6.738847048,1.383341399,,,,,,,,,,,,,,,,,,,,,,,,
United States,USA,Market capitalization of listed domestic companies (% of GDP),CM.MKT.LCAP.GD.ZS,,,,,,,,,,,,,,,,,,,,,47.59018894,39.3995682,43.5692922,49.78028298,39.68086342,53.02763392,55.41805006,52.14532621,53.08839138,59.95188582,51.87613279,67.54641223,69.71803715,76.56243287,70.50327257,90.99809431,105.0460652,125.5619308,142.5889795,153.4409994,147.3589732,132.1480062,101.0790639,124.5065632,133.6506331,130.4083274,141.6541654,137.8527171,78.77659624,104.3487828,115.2840908,100.6313362,115.2579165,143.1937413,150.2737706,137.5878487,146.2122494,164.8450264,148.2597308,,
Uzbekistan,UZB,Market capitalization of listed domestic companies (% of GDP),CM.MKT.LCAP.GD.ZS,,,,,,,,,,,,,,,,,,,,,,,,,,,,,,,,,,,,,,,,,,,,,,,,,,,,,,,,,,,,,
St. Vincent and the Grenadines,VCT,Market capitalization of listed domestic companies (% of GDP),CM.MKT.LCAP.GD.ZS,,,,,,,,,,,,,,,,,,,,,,,,,,,,,,,,,,,,,,,,,,,,,,,,,,,,,,,,,,,,,
"Venezuela, RB",VEN,Market capitalization of listed domestic companies (% of GDP),CM.MKT.LCAP.GD.ZS,,,,,,,,,,,,,,,,,,,,,,,,,,,,,,,,,,12.98709493,8.435488657,5.535700644,14.26566758,16.98507648,8.299923482,7.607661649,6.91476009,5.057444845,4.284041662,,,,,,,,,,,,,,,,,,
British Virgin Islands,VGB,Market capitalization of listed domestic companies (% of GDP),CM.MKT.LCAP.GD.ZS,,,,,,,,,,,,,,,,,,,,,,,,,,,,,,,,,,,,,,,,,,,,,,,,,,,,,,,,,,,,,
Virgin Islands (U.S.),VIR,Market capitalization of listed domestic companies (% of GDP),CM.MKT.LCAP.GD.ZS,,,,,,,,,,,,,,,,,,,,,,,,,,,,,,,,,,,,,,,,,,,,,,,,,,,,,,,,,,,,,
Vietnam,VNM,Market capitalization of listed domestic companies (% of GDP),CM.MKT.LCAP.GD.ZS,,,,,,,,,,,,,,,,,,,,,,,,,,,,,,,,,,,,,,,,,,,,,,,,,12.47432946,31.4174488,31.79024589,19.15429271,23.55644224,26.35608839,28.15541248,30.39416942,35.67009112,55.99678345,54.09689873,57.19936162,
Vanuatu,VUT,Market capitalization of listed domestic companies (% of GDP),CM.MKT.LCAP.GD.ZS,,,,,,,,,,,,,,,,,,,,,,,,,,,,,,,,,,,,,,,,,,,,,,,,,,,,,,,,,,,,,
World,WLD,Market capitalization of listed domestic companies (% of GDP),CM.MKT.LCAP.GD.ZS,,,,,,,,,,,,,,,,,,,,,30.84695423,28.62735833,32.14270495,38.31559523,35.7389786,48.409626,55.02128249,57.84024792,62.33389967,71.97391547,53.03023868,59.33565352,52.59553497,63.9702321,62.80761804,66.01779373,74.79408794,83.37174046,97.42218951,116.1671974,102.7688555,89.88336096,73.52353928,85.0583104,89.57891867,92.41082164,105.8941564,113.6790535,55.91455494,84.42858849,88.39442005,68.42576869,77.909874,89.02723583,91.63232536,94.74002068,97.17903437,111.3239695,92.37419685,,
Samoa,WSM,Market capitalization of listed domestic companies (% of GDP),CM.MKT.LCAP.GD.ZS,,,,,,,,,,,,,,,,,,,,,,,,,,,,,,,,,,,,,,,,,,,,,,,,,,,,,,,,,,,,,
Kosovo,XKX,Market capitalization of listed domestic companies (% of GDP),CM.MKT.LCAP.GD.ZS,,,,,,,,,,,,,,,,,,,,,,,,,,,,,,,,,,,,,,,,,,,,,,,,,,,,,,,,,,,,,
"Yemen, Rep.",YEM,Market capitalization of listed domestic companies (% of GDP),CM.MKT.LCAP.GD.ZS,,,,,,,,,,,,,,,,,,,,,,,,,,,,,,,,,,,,,,,,,,,,,,,,,,,,,,,,,,,,,
South Africa,ZAF,Market capitalization of listed domestic companies (% of GDP),CM.MKT.LCAP.GD.ZS,,,,,,,,,,,,,,,,63.23239955,53.82187701,59.20133039,66.20704785,77.1338431,67.28084451,87.59787915,99.26672105,94.6695121,69.02704265,93.82947533,152.0281304,156.6925784,132.5842021,146.8613871,118.4473714,149.0241957,121.9267403,161.641495,185.7021454,178.430287,163.6591045,150.7593838,122.32688,190.1009502,149.8231484,121.3611029,157.5984218,148.7805871,193.5866166,213.0987055,261.8304694,276.6006789,168.3231334,269.998391,246.4389298,189.4815959,229.0306084,257.0165135,266.1494793,231.705799,321.0045388,352.156399,234.9589023,300.5823301,
Zambia,ZMB,Market capitalization of listed domestic companies (% of GDP),CM.MKT.LCAP.GD.ZS,,,,,,,,,,,,,,,,,,,,,,,,,,,,,,,,,,,,11.24119923,6.033824508,11.66017026,8.079581926,8.035103771,,7.326935963,,15.41564069,26.52241438,30.20594355,23.14488248,,,,,13.57432139,,,,,,,,,
Zimbabwe,ZWE,Market capitalization of listed domestic companies (% of GDP),CM.MKT.LCAP.GD.ZS,,,,,,,,,,,,,,,,,,,,,,,,,,,,,,,,,,21.90647318,24.45478854,29.95385902,42.47629755,22.6173141,14.93431348,35.88050889,,,,,,,,,,,,,,,,,,,,,
